equipment_id,line_id,equipment_type,model,install_year,criticality
EQ00001,L005,cnc,M-9528,2017,medium
EQ00002,L003,motor,M-6181,2020,high
EQ00003,L001,pump,M-6397,2014,medium
EQ00004,L006,compressor,M-1041,2018,medium
EQ00005,L009,gearbox,M-6255,2019,medium
EQ00006,L001,gearbox,M-7283,2021,medium
EQ00007,L009,motor,M-5849,2019,high
EQ00008,L009,gearbox,M-0936,2017,low
EQ00009,L003,motor,M-5279,2026,low
EQ00010,L007,conveyor,M-9364,2019,medium
EQ00011,L002,gearbox,M-7261,2024,medium
EQ00012,L008,gearbox,M-1460,2023,high
EQ00013,L008,pump,M-9602,2020,high
EQ00014,L004,gearbox,M-9591,2025,medium
EQ00015,L001,motor,M-1776,2013,medium
EQ00016,L010,cnc,M-8027,2025,low
EQ00017,L005,compressor,M-4126,2024,medium
EQ00018,L009,pump,M-5976,2019,high
EQ00019,L007,motor,M-4506,2023,medium
EQ00020,L008,conveyor,M-7847,2019,medium
EQ00021,L008,compressor,M-9965,2016,medium
EQ00022,L002,cnc,M-7970,2023,high
EQ00023,L004,compressor,M-9319,2015,medium
EQ00024,L005,compressor,M-9464,2016,low
EQ00025,L005,gearbox,M-0991,2019,medium
EQ00026,L001,motor,M-2608,2024,low
EQ00027,L006,conveyor,M-7245,2017,low
EQ00028,L002,conveyor,M-5941,2019,low
EQ00029,L008,compressor,M-0596,2012,medium
EQ00030,L007,pump,M-1040,2013,medium
EQ00031,L010,motor,M-5252,2012,medium
EQ00032,L008,gearbox,M-6199,2013,medium
EQ00033,L004,gearbox,M-1760,2025,high
EQ00034,L010,pump,M-1795,2024,high
EQ00035,L005,motor,M-1380,2024,medium
EQ00036,L004,motor,M-5692,2012,medium
EQ00037,L010,motor,M-0177,2013,high
EQ00038,L004,conveyor,M-5766,2016,low
EQ00039,L001,gearbox,M-4811,2020,medium
EQ00040,L005,motor,M-4712,2017,high
EQ00041,L008,conveyor,M-6824,2019,medium
EQ00042,L002,pump,M-5273,2014,medium
EQ00043,L005,compressor,M-7303,2022,medium
EQ00044,L002,cnc,M-7662,2016,medium
EQ00045,L007,conveyor,M-9208,2012,medium
EQ00046,L005,gearbox,M-8011,2023,low
EQ00047,L004,motor,M-5224,2025,medium
EQ00048,L003,pump,M-4971,2012,low
EQ00049,L006,pump,M-2433,2018,high
EQ00050,L007,pump,M-6035,2024,medium
EQ00051,L010,gearbox,M-1477,2022,medium
EQ00052,L005,conveyor,M-9318,2024,high
EQ00053,L002,pump,M-8465,2018,high
EQ00054,L009,gearbox,M-1285,2017,medium
EQ00055,L007,compressor,M-7880,2022,medium
EQ00056,L008,cnc,M-1259,2014,high
EQ00057,L001,compressor,M-7239,2015,medium
EQ00058,L004,motor,M-0968,2021,high
EQ00059,L008,gearbox,M-4932,2022,high
EQ00060,L009,motor,M-6612,2013,high
EQ00061,L005,pump,M-7314,2019,low
EQ00062,L009,pump,M-4243,2017,medium
EQ00063,L009,pump,M-9223,2019,low
EQ00064,L004,motor,M-7765,2026,medium
EQ00065,L009,motor,M-2161,2013,high
EQ00066,L003,conveyor,M-6744,2026,medium
EQ00067,L003,gearbox,M-7331,2018,medium
EQ00068,L007,motor,M-3402,2023,low
EQ00069,L007,pump,M-7407,2018,high
EQ00070,L002,cnc,M-8992,2016,low
EQ00071,L009,gearbox,M-8188,2023,low
EQ00072,L002,conveyor,M-7648,2022,low
EQ00073,L009,conveyor,M-6380,2014,low
EQ00074,L001,cnc,M-2778,2022,medium
EQ00075,L008,compressor,M-7971,2023,medium
EQ00076,L008,pump,M-3705,2017,medium
EQ00077,L008,gearbox,M-5368,2025,low
EQ00078,L007,conveyor,M-3212,2021,low
EQ00079,L005,motor,M-3198,2017,medium
EQ00080,L008,conveyor,M-1660,2012,low
EQ00081,L003,motor,M-9615,2022,medium
EQ00082,L008,conveyor,M-1562,2015,low
EQ00083,L006,conveyor,M-0953,2023,medium
EQ00084,L005,motor,M-9366,2019,medium
EQ00085,L006,compressor,M-5594,2019,medium
EQ00086,L006,motor,M-4434,2014,low
EQ00087,L001,cnc,M-7400,2022,low
EQ00088,L002,gearbox,M-3894,2014,high
EQ00089,L003,motor,M-1366,2018,low
EQ00090,L002,compressor,M-7323,2024,medium
EQ00091,L005,gearbox,M-1842,2025,medium
EQ00092,L007,pump,M-5574,2026,medium
EQ00093,L007,motor,M-9494,2026,medium
EQ00094,L005,compressor,M-9366,2020,high
EQ00095,L009,cnc,M-3671,2015,high
EQ00096,L006,cnc,M-7824,2024,medium
EQ00097,L001,pump,M-6164,2024,medium
EQ00098,L008,gearbox,M-4845,2026,low
EQ00099,L006,cnc,M-1485,2021,medium
EQ00100,L007,pump,M-3825,2014,medium
EQ00101,L006,gearbox,M-6553,2019,low
EQ00102,L006,gearbox,M-9866,2018,medium
EQ00103,L001,compressor,M-0148,2024,high
EQ00104,L006,motor,M-7205,2017,low
EQ00105,L008,cnc,M-8477,2016,medium
EQ00106,L004,cnc,M-9515,2013,medium
EQ00107,L007,motor,M-4295,2024,low
EQ00108,L001,cnc,M-1272,2023,low
EQ00109,L004,gearbox,M-2782,2012,low
EQ00110,L005,motor,M-8519,2018,high
EQ00111,L010,conveyor,M-8790,2019,low
EQ00112,L003,motor,M-6406,2019,low
EQ00113,L003,conveyor,M-1315,2025,low
EQ00114,L005,compressor,M-1306,2014,low
EQ00115,L010,motor,M-4833,2016,medium
EQ00116,L009,gearbox,M-5923,2014,low
EQ00117,L001,motor,M-0420,2015,medium
EQ00118,L003,cnc,M-6891,2025,medium
EQ00119,L009,pump,M-5490,2026,high
EQ00120,L001,gearbox,M-0221,2012,low
EQ00121,L009,conveyor,M-1047,2021,high
EQ00122,L003,conveyor,M-4597,2015,medium
EQ00123,L010,compressor,M-7252,2014,low
EQ00124,L003,compressor,M-8270,2016,high
EQ00125,L005,cnc,M-4369,2014,high
EQ00126,L007,conveyor,M-3023,2019,medium
EQ00127,L002,gearbox,M-9685,2026,high
EQ00128,L006,motor,M-4639,2020,medium
EQ00129,L006,cnc,M-3222,2022,medium
EQ00130,L008,motor,M-4478,2019,high
EQ00131,L010,pump,M-0219,2012,medium
EQ00132,L007,conveyor,M-3088,2013,high
EQ00133,L005,pump,M-5203,2016,medium
EQ00134,L005,conveyor,M-9191,2015,high
EQ00135,L005,compressor,M-7407,2024,medium
EQ00136,L009,pump,M-7834,2024,low
EQ00137,L004,compressor,M-5493,2024,medium
EQ00138,L002,cnc,M-1194,2021,medium
EQ00139,L004,conveyor,M-3969,2020,low
EQ00140,L001,cnc,M-9969,2021,low
EQ00141,L002,gearbox,M-0537,2018,medium
EQ00142,L001,gearbox,M-8803,2022,low
EQ00143,L008,conveyor,M-6875,2023,low
EQ00144,L008,cnc,M-2910,2023,medium
EQ00145,L007,pump,M-7801,2021,medium
EQ00146,L005,compressor,M-8384,2012,medium
EQ00147,L008,motor,M-0527,2022,medium
EQ00148,L002,compressor,M-1153,2017,high
EQ00149,L010,gearbox,M-6690,2023,medium
EQ00150,L006,compressor,M-9990,2020,low
EQ00151,L010,motor,M-0337,2025,low
EQ00152,L002,cnc,M-6689,2017,medium
EQ00153,L005,gearbox,M-1451,2025,low
EQ00154,L007,gearbox,M-6535,2024,medium
EQ00155,L005,pump,M-6270,2016,high
EQ00156,L005,compressor,M-0995,2019,low
EQ00157,L002,cnc,M-6838,2019,low
EQ00158,L004,pump,M-8979,2023,high
EQ00159,L003,pump,M-8647,2022,medium
EQ00160,L004,pump,M-0387,2024,low
EQ00161,L007,gearbox,M-2534,2017,high
EQ00162,L007,conveyor,M-2483,2019,high
EQ00163,L007,gearbox,M-4587,2018,medium
EQ00164,L004,conveyor,M-1515,2025,medium
EQ00165,L010,gearbox,M-8557,2016,medium
EQ00166,L001,motor,M-7789,2020,low
EQ00167,L004,gearbox,M-8101,2013,medium
EQ00168,L002,motor,M-2062,2024,medium
EQ00169,L004,compressor,M-0244,2017,medium
EQ00170,L010,cnc,M-9114,2017,high
EQ00171,L004,compressor,M-2959,2020,low
EQ00172,L010,motor,M-6596,2019,medium
EQ00173,L005,pump,M-9102,2024,low
EQ00174,L007,conveyor,M-0457,2019,high
EQ00175,L005,pump,M-0154,2019,medium
EQ00176,L003,pump,M-0153,2013,medium
EQ00177,L008,gearbox,M-1647,2012,medium
EQ00178,L010,motor,M-0611,2017,medium
EQ00179,L003,gearbox,M-8216,2026,medium
EQ00180,L008,gearbox,M-6098,2025,medium
EQ00181,L003,cnc,M-9801,2021,medium
EQ00182,L008,motor,M-8033,2021,high
EQ00183,L008,motor,M-9634,2017,high
EQ00184,L005,pump,M-2461,2014,medium
EQ00185,L008,cnc,M-2948,2012,medium
EQ00186,L003,motor,M-8508,2017,low
EQ00187,L001,compressor,M-2524,2016,high
EQ00188,L001,motor,M-0666,2014,medium
EQ00189,L005,cnc,M-6723,2015,medium
EQ00190,L010,motor,M-8028,2012,low
EQ00191,L002,conveyor,M-9684,2021,high
EQ00192,L005,motor,M-9284,2025,medium
EQ00193,L008,pump,M-1290,2022,medium
EQ00194,L003,pump,M-7743,2018,low
EQ00195,L008,conveyor,M-8475,2018,high
EQ00196,L004,motor,M-7010,2016,low
EQ00197,L009,compressor,M-8215,2014,low
EQ00198,L006,cnc,M-8395,2020,high
EQ00199,L006,cnc,M-4520,2020,high
EQ00200,L002,conveyor,M-0497,2012,low
EQ00201,L005,conveyor,M-4615,2018,medium
EQ00202,L009,compressor,M-2097,2016,medium
EQ00203,L001,conveyor,M-1225,2014,high
EQ00204,L008,pump,M-1336,2022,medium
EQ00205,L005,gearbox,M-7003,2019,medium
EQ00206,L008,cnc,M-5094,2021,medium
EQ00207,L007,conveyor,M-5443,2022,medium
EQ00208,L005,gearbox,M-7476,2026,high
EQ00209,L004,conveyor,M-5527,2024,medium
EQ00210,L007,gearbox,M-6336,2021,low
EQ00211,L002,cnc,M-0951,2025,high
EQ00212,L006,motor,M-8525,2019,high
EQ00213,L001,compressor,M-4542,2026,high
EQ00214,L007,pump,M-1636,2023,low
EQ00215,L007,gearbox,M-8151,2021,low
EQ00216,L001,pump,M-7372,2025,medium
EQ00217,L008,pump,M-0624,2019,low
EQ00218,L005,pump,M-2010,2022,high
EQ00219,L008,cnc,M-0255,2016,medium
EQ00220,L001,cnc,M-2780,2026,medium
EQ00221,L002,gearbox,M-1089,2021,high
EQ00222,L005,compressor,M-7127,2023,medium
EQ00223,L002,pump,M-5272,2018,medium
EQ00224,L004,motor,M-9803,2025,medium
EQ00225,L007,motor,M-7518,2013,medium
EQ00226,L002,compressor,M-6153,2013,medium
EQ00227,L007,gearbox,M-5141,2019,medium
EQ00228,L002,cnc,M-0639,2022,high
EQ00229,L002,gearbox,M-0794,2024,medium
EQ00230,L006,motor,M-6200,2018,low
EQ00231,L008,motor,M-0143,2021,medium
EQ00232,L002,gearbox,M-0519,2020,medium
EQ00233,L003,motor,M-2269,2026,low
EQ00234,L010,motor,M-8852,2021,low
EQ00235,L010,compressor,M-4642,2018,medium
EQ00236,L006,gearbox,M-7124,2026,medium
EQ00237,L005,conveyor,M-4174,2013,high
EQ00238,L004,motor,M-1813,2026,low
EQ00239,L007,gearbox,M-3774,2014,low
EQ00240,L006,gearbox,M-1007,2016,high
EQ00241,L003,conveyor,M-7724,2024,high
EQ00242,L001,gearbox,M-1916,2023,medium
EQ00243,L002,pump,M-3825,2026,low
EQ00244,L010,gearbox,M-9801,2023,low
EQ00245,L005,pump,M-5959,2021,medium
EQ00246,L005,conveyor,M-4639,2017,medium
EQ00247,L005,cnc,M-5475,2012,medium
EQ00248,L008,conveyor,M-7861,2013,low
EQ00249,L001,cnc,M-2619,2016,medium
EQ00250,L001,cnc,M-6399,2012,high
EQ00251,L003,cnc,M-8738,2019,medium
EQ00252,L005,conveyor,M-5766,2023,medium
EQ00253,L007,conveyor,M-4520,2026,low
EQ00254,L005,motor,M-1536,2019,medium
EQ00255,L005,conveyor,M-2557,2025,medium
EQ00256,L010,cnc,M-9464,2026,high
EQ00257,L002,pump,M-5457,2024,high
EQ00258,L006,cnc,M-3082,2018,high
EQ00259,L006,gearbox,M-4241,2016,high
EQ00260,L005,gearbox,M-5821,2026,high
EQ00261,L009,gearbox,M-5421,2015,high
EQ00262,L003,compressor,M-7027,2018,low
EQ00263,L010,conveyor,M-2648,2013,low
EQ00264,L004,compressor,M-6526,2023,medium
EQ00265,L006,conveyor,M-4482,2021,medium
EQ00266,L006,cnc,M-9410,2013,low
EQ00267,L009,pump,M-1663,2015,high
EQ00268,L005,pump,M-1569,2020,medium
EQ00269,L003,motor,M-4669,2020,medium
EQ00270,L001,motor,M-5132,2024,low
EQ00271,L004,compressor,M-6938,2015,medium
EQ00272,L009,compressor,M-4099,2025,low
EQ00273,L001,motor,M-9144,2018,high
EQ00274,L009,compressor,M-4793,2024,medium
EQ00275,L006,cnc,M-1380,2015,medium
EQ00276,L002,pump,M-1280,2012,medium
EQ00277,L004,compressor,M-9735,2012,medium
EQ00278,L006,compressor,M-1427,2017,medium
EQ00279,L004,cnc,M-9482,2026,high
EQ00280,L002,compressor,M-2852,2012,high
EQ00281,L007,conveyor,M-1024,2017,low
EQ00282,L007,pump,M-3116,2013,high
EQ00283,L002,compressor,M-6184,2025,low
EQ00284,L003,compressor,M-4335,2022,high
EQ00285,L003,pump,M-7876,2023,low
EQ00286,L007,conveyor,M-6148,2022,medium
EQ00287,L008,pump,M-4067,2021,high
EQ00288,L008,pump,M-6382,2023,low
EQ00289,L010,conveyor,M-9716,2012,medium
EQ00290,L008,gearbox,M-4176,2024,medium
EQ00291,L004,conveyor,M-1618,2023,low
EQ00292,L002,gearbox,M-4146,2023,medium
EQ00293,L007,gearbox,M-8416,2017,high
EQ00294,L010,compressor,M-2254,2024,high
EQ00295,L010,conveyor,M-9495,2017,medium
EQ00296,L003,pump,M-5923,2012,medium
EQ00297,L003,compressor,M-6054,2025,low
EQ00298,L001,cnc,M-3238,2015,low
EQ00299,L002,gearbox,M-9211,2013,low
EQ00300,L006,gearbox,M-0456,2021,high
EQ00301,L006,compressor,M-3056,2015,high
EQ00302,L004,cnc,M-4241,2024,high
EQ00303,L004,pump,M-4824,2018,medium
EQ00304,L009,conveyor,M-4793,2012,medium
EQ00305,L005,cnc,M-1564,2026,medium
EQ00306,L009,cnc,M-2333,2019,medium
EQ00307,L010,conveyor,M-1042,2015,medium
EQ00308,L004,cnc,M-5766,2022,low
EQ00309,L003,motor,M-3573,2019,low
EQ00310,L010,pump,M-5700,2012,high
EQ00311,L007,pump,M-5937,2023,medium
EQ00312,L003,conveyor,M-7049,2018,high
EQ00313,L007,motor,M-5515,2022,low
EQ00314,L006,pump,M-6514,2025,medium
EQ00315,L010,cnc,M-5912,2021,low
EQ00316,L003,conveyor,M-6558,2022,medium
EQ00317,L010,cnc,M-6204,2015,low
EQ00318,L010,gearbox,M-3230,2015,low
EQ00319,L002,gearbox,M-2537,2018,high
EQ00320,L002,motor,M-7894,2024,medium
