maintenance_id,equipment_id,start_time,duration_min,maintenance_type,result
MNT0000582,EQ00311,2026-01-02 02:22:00,398,calibration,adjusted
MNT0000053,EQ00306,2026-01-02 11:01:00,270,preventive,ok
MNT0001137,EQ00243,2026-01-02 12:46:00,369,calibration,adjusted
MNT0000929,EQ00254,2026-01-02 17:29:00,152,repair,ok
MNT0000034,EQ00150,2026-01-03 05:06:00,518,calibration,ok
MNT0001170,EQ00039,2026-01-03 08:19:00,375,preventive,adjusted
MNT0000611,EQ00242,2026-01-03 12:07:00,125,inspection,parts_replaced
MNT0000861,EQ00089,2026-01-03 17:58:00,246,calibration,ok
MNT0000288,EQ00065,2026-01-03 18:21:00,428,preventive,adjusted
MNT0000026,EQ00093,2026-01-03 22:00:00,476,repair,ok
MNT0000268,EQ00224,2026-01-04 03:10:00,313,calibration,ok
MNT0000909,EQ00077,2026-01-04 21:46:00,328,repair,ok
MNT0001135,EQ00026,2026-01-05 07:48:00,338,calibration,adjusted
MNT0000743,EQ00254,2026-01-05 08:30:00,534,repair,adjusted
MNT0000291,EQ00115,2026-01-05 08:41:00,50,calibration,ok
MNT0000918,EQ00035,2026-01-05 09:33:00,401,calibration,ok
MNT0000020,EQ00268,2026-01-05 18:51:00,278,repair,adjusted
MNT0000808,EQ00294,2026-01-05 19:19:00,413,preventive,parts_replaced
MNT0000954,EQ00119,2026-01-06 06:02:00,31,preventive,ok
MNT0000982,EQ00029,2026-01-06 06:07:00,465,preventive,adjusted
MNT0000973,EQ00096,2026-01-06 08:08:00,289,preventive,ok
MNT0001244,EQ00252,2026-01-06 13:32:00,455,preventive,ok
MNT0000633,EQ00035,2026-01-06 14:50:00,256,calibration,ok
MNT0001105,EQ00029,2026-01-06 14:56:00,203,inspection,ok
MNT0000057,EQ00114,2026-01-06 18:07:00,462,preventive,ok
MNT0001199,EQ00256,2026-01-06 19:43:00,188,preventive,ok
MNT0000936,EQ00096,2026-01-06 19:53:00,66,inspection,ok
MNT0000571,EQ00262,2026-01-06 20:20:00,63,preventive,parts_replaced
MNT0000795,EQ00079,2026-01-06 22:44:00,423,inspection,adjusted
MNT0000474,EQ00224,2026-01-07 07:41:00,165,preventive,ok
MNT0000975,EQ00016,2026-01-07 22:30:00,140,calibration,ok
MNT0000920,EQ00283,2026-01-08 02:42:00,356,preventive,ok
MNT0001059,EQ00142,2026-01-08 05:42:00,273,repair,adjusted
MNT0000968,EQ00077,2026-01-08 10:38:00,552,preventive,adjusted
MNT0000838,EQ00046,2026-01-08 12:17:00,284,inspection,ok
MNT0000023,EQ00260,2026-01-08 17:11:00,283,repair,ok
MNT0000708,EQ00094,2026-01-08 19:59:00,178,inspection,ok
MNT0000449,EQ00025,2026-01-08 22:03:00,348,calibration,ok
MNT0001159,EQ00224,2026-01-09 02:24:00,311,repair,parts_replaced
MNT0000122,EQ00101,2026-01-09 03:06:00,296,inspection,ok
MNT0000813,EQ00117,2026-01-09 06:06:00,148,preventive,ok
MNT0000593,EQ00159,2026-01-09 10:26:00,204,calibration,ok
MNT0000630,EQ00318,2026-01-09 17:42:00,581,preventive,ok
MNT0000763,EQ00105,2026-01-09 19:06:00,161,repair,ok
MNT0000585,EQ00001,2026-01-09 23:15:00,551,calibration,ok
MNT0000167,EQ00158,2026-01-10 13:46:00,231,calibration,ok
MNT0001040,EQ00175,2026-01-10 14:26:00,137,calibration,ok
MNT0000614,EQ00272,2026-01-10 18:44:00,279,preventive,ok
MNT0000094,EQ00260,2026-01-11 01:43:00,262,repair,adjusted
MNT0000071,EQ00178,2026-01-11 08:35:00,343,repair,ok
MNT0001247,EQ00151,2026-01-11 15:19:00,562,calibration,ok
MNT0000868,EQ00141,2026-01-11 16:54:00,403,calibration,adjusted
MNT0001181,EQ00005,2026-01-11 17:26:00,121,calibration,parts_replaced
MNT0000552,EQ00070,2026-01-11 17:35:00,331,repair,parts_replaced
MNT0000944,EQ00318,2026-01-11 20:09:00,57,preventive,adjusted
MNT0000378,EQ00154,2026-01-11 22:16:00,477,calibration,parts_replaced
MNT0000851,EQ00020,2026-01-12 00:17:00,492,calibration,ok
MNT0000327,EQ00053,2026-01-12 05:38:00,92,repair,ok
MNT0001217,EQ00220,2026-01-12 16:42:00,500,calibration,ok
MNT0000210,EQ00156,2026-01-13 01:33:00,96,repair,ok
MNT0001088,EQ00202,2026-01-13 15:49:00,199,inspection,ok
MNT0000564,EQ00307,2026-01-13 21:58:00,395,repair,adjusted
MNT0000514,EQ00125,2026-01-13 22:32:00,357,inspection,adjusted
MNT0001007,EQ00242,2026-01-14 08:45:00,226,inspection,ok
MNT0001123,EQ00308,2026-01-14 10:38:00,264,inspection,ok
MNT0000264,EQ00120,2026-01-14 11:56:00,456,preventive,parts_replaced
MNT0000586,EQ00196,2026-01-14 12:37:00,147,inspection,ok
MNT0000610,EQ00286,2026-01-14 17:01:00,155,preventive,adjusted
MNT0000253,EQ00168,2026-01-15 00:52:00,98,repair,parts_replaced
MNT0000456,EQ00141,2026-01-15 21:53:00,53,repair,ok
MNT0000218,EQ00254,2026-01-15 21:53:00,27,repair,parts_replaced
MNT0000953,EQ00112,2026-01-15 23:52:00,234,inspection,ok
MNT0000947,EQ00156,2026-01-16 00:31:00,161,calibration,adjusted
MNT0000592,EQ00238,2026-01-16 05:56:00,114,calibration,ok
MNT0000715,EQ00155,2026-01-16 15:59:00,400,inspection,parts_replaced
MNT0000370,EQ00277,2026-01-16 17:51:00,413,inspection,ok
MNT0000276,EQ00283,2026-01-17 01:13:00,296,inspection,ok
MNT0000148,EQ00052,2026-01-17 12:33:00,77,preventive,parts_replaced
MNT0000883,EQ00068,2026-01-17 12:51:00,385,inspection,ok
MNT0000312,EQ00188,2026-01-17 16:02:00,421,inspection,ok
MNT0000724,EQ00075,2026-01-17 17:04:00,62,calibration,adjusted
MNT0000769,EQ00015,2026-01-17 23:38:00,321,inspection,adjusted
MNT0000965,EQ00030,2026-01-18 02:14:00,203,preventive,parts_replaced
MNT0001003,EQ00243,2026-01-18 06:24:00,515,inspection,parts_replaced
MNT0000209,EQ00094,2026-01-18 09:46:00,142,repair,adjusted
MNT0000170,EQ00004,2026-01-18 13:01:00,508,repair,adjusted
MNT0000677,EQ00037,2026-01-18 13:37:00,476,repair,ok
MNT0000238,EQ00186,2026-01-18 13:49:00,81,repair,adjusted
MNT0000971,EQ00136,2026-01-18 17:37:00,258,inspection,ok
MNT0000702,EQ00194,2026-01-18 19:15:00,274,inspection,parts_replaced
MNT0000811,EQ00223,2026-01-18 19:33:00,298,calibration,adjusted
MNT0000615,EQ00056,2026-01-18 22:03:00,297,inspection,parts_replaced
MNT0000735,EQ00083,2026-01-18 22:30:00,385,preventive,ok
MNT0000271,EQ00216,2026-01-19 02:19:00,381,inspection,ok
MNT0000181,EQ00302,2026-01-19 09:12:00,413,inspection,ok
MNT0000477,EQ00105,2026-01-19 10:22:00,371,calibration,parts_replaced
MNT0000885,EQ00099,2026-01-19 19:57:00,476,repair,ok
MNT0001246,EQ00182,2026-01-20 02:37:00,217,preventive,ok
MNT0000249,EQ00118,2026-01-20 04:10:00,207,calibration,parts_replaced
MNT0000598,EQ00149,2026-01-20 10:12:00,99,inspection,ok
MNT0000574,EQ00240,2026-01-20 18:12:00,291,inspection,ok
MNT0000285,EQ00013,2026-01-21 04:50:00,209,calibration,ok
MNT0000681,EQ00277,2026-01-21 05:22:00,364,repair,ok
MNT0000019,EQ00106,2026-01-21 09:11:00,466,calibration,ok
MNT0000732,EQ00045,2026-01-21 15:48:00,321,calibration,ok
MNT0000398,EQ00232,2026-01-21 17:58:00,468,inspection,ok
MNT0001046,EQ00212,2026-01-21 22:20:00,581,inspection,adjusted
MNT0000986,EQ00316,2026-01-21 23:08:00,483,inspection,adjusted
MNT0000881,EQ00096,2026-01-22 01:46:00,459,inspection,parts_replaced
MNT0000730,EQ00192,2026-01-22 10:54:00,95,preventive,parts_replaced
MNT0000074,EQ00091,2026-01-22 13:44:00,580,preventive,ok
MNT0000261,EQ00109,2026-01-22 18:53:00,144,repair,ok
MNT0000337,EQ00146,2026-01-22 21:09:00,353,preventive,ok
MNT0000231,EQ00271,2026-01-23 12:07:00,206,repair,ok
MNT0000195,EQ00009,2026-01-23 16:32:00,549,inspection,ok
MNT0000848,EQ00152,2026-01-24 01:46:00,525,inspection,ok
MNT0000706,EQ00285,2026-01-24 03:58:00,420,calibration,adjusted
MNT0000179,EQ00009,2026-01-24 04:27:00,63,inspection,adjusted
MNT0001240,EQ00197,2026-01-24 06:06:00,222,inspection,ok
MNT0000158,EQ00043,2026-01-24 15:44:00,554,repair,parts_replaced
MNT0000293,EQ00180,2026-01-24 15:58:00,217,repair,ok
MNT0000511,EQ00254,2026-01-24 17:24:00,41,calibration,ok
MNT0000112,EQ00160,2026-01-25 00:56:00,428,preventive,adjusted
MNT0000448,EQ00240,2026-01-25 01:34:00,275,calibration,ok
MNT0000694,EQ00172,2026-01-25 04:30:00,253,inspection,ok
MNT0000594,EQ00138,2026-01-25 12:24:00,432,preventive,parts_replaced
MNT0000156,EQ00013,2026-01-25 13:50:00,387,inspection,adjusted
MNT0001166,EQ00265,2026-01-25 19:37:00,566,calibration,parts_replaced
MNT0000481,EQ00222,2026-01-26 00:37:00,203,inspection,ok
MNT0000961,EQ00013,2026-01-26 05:18:00,383,inspection,ok
MNT0000699,EQ00165,2026-01-26 08:41:00,110,calibration,parts_replaced
MNT0000673,EQ00154,2026-01-26 18:49:00,123,calibration,adjusted
MNT0000108,EQ00269,2026-01-26 22:32:00,103,preventive,adjusted
MNT0001068,EQ00005,2026-01-27 04:14:00,207,inspection,parts_replaced
MNT0000705,EQ00290,2026-01-27 04:24:00,179,preventive,ok
MNT0000217,EQ00028,2026-01-27 05:29:00,212,preventive,ok
MNT0000466,EQ00283,2026-01-27 09:51:00,580,calibration,ok
MNT0001189,EQ00007,2026-01-28 02:14:00,561,calibration,parts_replaced
MNT0000045,EQ00166,2026-01-28 13:00:00,528,preventive,adjusted
MNT0000208,EQ00140,2026-01-28 14:51:00,254,calibration,ok
MNT0001250,EQ00026,2026-01-28 16:01:00,34,preventive,parts_replaced
MNT0001275,EQ00226,2026-01-28 16:18:00,144,repair,parts_replaced
MNT0000727,EQ00143,2026-01-29 00:13:00,92,preventive,ok
MNT0000200,EQ00038,2026-01-29 04:21:00,514,calibration,ok
MNT0000693,EQ00160,2026-01-29 23:02:00,62,inspection,ok
MNT0001031,EQ00256,2026-01-30 02:45:00,274,inspection,adjusted
MNT0000416,EQ00230,2026-01-30 05:17:00,157,preventive,adjusted
MNT0000429,EQ00050,2026-01-30 06:27:00,97,preventive,parts_replaced
MNT0001043,EQ00291,2026-01-30 06:44:00,328,preventive,ok
MNT0000047,EQ00032,2026-01-30 12:44:00,90,inspection,ok
MNT0001082,EQ00239,2026-01-31 01:21:00,513,repair,adjusted
MNT0000369,EQ00237,2026-01-31 12:24:00,402,preventive,ok
MNT0000983,EQ00079,2026-01-31 15:46:00,149,preventive,parts_replaced
MNT0000572,EQ00074,2026-01-31 17:17:00,303,preventive,parts_replaced
MNT0000911,EQ00135,2026-01-31 21:34:00,484,calibration,parts_replaced
MNT0000663,EQ00175,2026-02-01 07:37:00,179,inspection,parts_replaced
MNT0000981,EQ00283,2026-02-01 07:51:00,548,preventive,ok
MNT0000844,EQ00166,2026-02-01 08:07:00,42,preventive,parts_replaced
MNT0000864,EQ00037,2026-02-01 12:42:00,442,repair,adjusted
MNT0000650,EQ00096,2026-02-01 14:28:00,36,repair,ok
MNT0000224,EQ00256,2026-02-01 19:27:00,393,inspection,ok
MNT0000223,EQ00139,2026-02-01 21:00:00,555,preventive,parts_replaced
MNT0000867,EQ00057,2026-02-01 21:10:00,530,inspection,adjusted
MNT0001200,EQ00300,2026-02-02 03:45:00,494,inspection,adjusted
MNT0000298,EQ00056,2026-02-02 09:56:00,588,repair,ok
MNT0000214,EQ00278,2026-02-02 13:45:00,144,preventive,adjusted
MNT0000097,EQ00181,2026-02-02 18:31:00,102,repair,adjusted
MNT0000675,EQ00320,2026-02-02 20:55:00,260,inspection,ok
MNT0000274,EQ00044,2026-02-02 22:18:00,524,calibration,ok
MNT0000784,EQ00002,2026-02-03 01:29:00,461,inspection,ok
MNT0000385,EQ00168,2026-02-03 04:43:00,460,calibration,ok
MNT0000430,EQ00113,2026-02-03 07:29:00,508,preventive,ok
MNT0001155,EQ00041,2026-02-03 20:51:00,227,calibration,ok
MNT0000157,EQ00029,2026-02-04 01:07:00,341,inspection,adjusted
MNT0000255,EQ00283,2026-02-04 04:14:00,338,preventive,parts_replaced
MNT0000040,EQ00054,2026-02-04 07:50:00,456,inspection,ok
MNT0000566,EQ00170,2026-02-04 16:10:00,29,repair,ok
MNT0000081,EQ00311,2026-02-04 21:43:00,466,repair,parts_replaced
MNT0001156,EQ00297,2026-02-04 22:10:00,244,calibration,ok
MNT0000568,EQ00119,2026-02-05 01:45:00,570,repair,ok
MNT0000239,EQ00072,2026-02-05 02:46:00,584,calibration,parts_replaced
MNT0000101,EQ00026,2026-02-05 02:48:00,48,repair,ok
MNT0000056,EQ00078,2026-02-05 04:15:00,377,preventive,adjusted
MNT0000014,EQ00196,2026-02-05 09:57:00,33,inspection,ok
MNT0000243,EQ00088,2026-02-05 12:08:00,196,inspection,adjusted
MNT0001037,EQ00228,2026-02-05 21:30:00,427,preventive,parts_replaced
MNT0001078,EQ00186,2026-02-06 00:32:00,319,repair,ok
MNT0000494,EQ00064,2026-02-06 07:26:00,128,repair,ok
MNT0001213,EQ00137,2026-02-06 10:57:00,419,repair,adjusted
MNT0000803,EQ00105,2026-02-06 15:50:00,182,calibration,adjusted
MNT0001127,EQ00262,2026-02-06 20:31:00,89,calibration,ok
MNT0001231,EQ00175,2026-02-07 00:16:00,281,inspection,parts_replaced
MNT0000488,EQ00051,2026-02-07 00:25:00,533,inspection,ok
MNT0000315,EQ00208,2026-02-07 06:53:00,144,repair,adjusted
MNT0000551,EQ00240,2026-02-07 07:27:00,178,repair,ok
MNT0000747,EQ00232,2026-02-07 08:52:00,469,repair,adjusted
MNT0000476,EQ00085,2026-02-07 09:22:00,54,inspection,parts_replaced
MNT0000804,EQ00166,2026-02-07 09:37:00,294,calibration,ok
MNT0001184,EQ00025,2026-02-07 11:52:00,271,preventive,adjusted
MNT0001075,EQ00281,2026-02-07 17:02:00,206,calibration,ok
MNT0000054,EQ00078,2026-02-08 00:34:00,521,repair,ok
MNT0000457,EQ00003,2026-02-08 04:26:00,313,preventive,ok
MNT0000871,EQ00242,2026-02-08 04:38:00,217,inspection,adjusted
MNT0001097,EQ00297,2026-02-08 08:50:00,533,calibration,ok
MNT0000120,EQ00301,2026-02-08 12:21:00,147,repair,parts_replaced
MNT0000235,EQ00272,2026-02-08 15:27:00,146,inspection,ok
MNT0000425,EQ00211,2026-02-09 10:46:00,218,calibration,ok
MNT0000317,EQ00044,2026-02-09 10:56:00,199,preventive,ok
MNT0000044,EQ00043,2026-02-09 21:09:00,518,calibration,ok
MNT0001119,EQ00202,2026-02-09 21:30:00,588,calibration,adjusted
MNT0000628,EQ00256,2026-02-09 23:17:00,294,preventive,ok
MNT0000036,EQ00095,2026-02-10 08:49:00,243,repair,adjusted
MNT0001233,EQ00087,2026-02-10 09:30:00,115,inspection,ok
MNT0001047,EQ00186,2026-02-10 10:05:00,441,preventive,ok
MNT0000676,EQ00052,2026-02-10 16:48:00,508,calibration,adjusted
MNT0000460,EQ00101,2026-02-10 20:06:00,262,preventive,parts_replaced
MNT0001051,EQ00312,2026-02-11 09:18:00,188,inspection,parts_replaced
MNT0000771,EQ00320,2026-02-11 21:43:00,341,calibration,ok
MNT0000578,EQ00134,2026-02-11 23:08:00,467,inspection,ok
MNT0000323,EQ00012,2026-02-12 00:33:00,485,preventive,adjusted
MNT0000894,EQ00285,2026-02-12 12:50:00,528,repair,ok
MNT0000447,EQ00080,2026-02-12 14:33:00,542,repair,adjusted
MNT0000144,EQ00011,2026-02-12 15:05:00,25,calibration,ok
MNT0001229,EQ00232,2026-02-12 15:07:00,498,repair,adjusted
MNT0000697,EQ00200,2026-02-12 15:37:00,91,repair,adjusted
MNT0000755,EQ00155,2026-02-12 23:55:00,157,preventive,parts_replaced
MNT0000189,EQ00230,2026-02-13 07:40:00,409,preventive,ok
MNT0000130,EQ00178,2026-02-13 09:11:00,109,inspection,adjusted
MNT0000479,EQ00263,2026-02-13 09:30:00,257,preventive,ok
MNT0001274,EQ00205,2026-02-13 09:47:00,91,calibration,parts_replaced
MNT0000404,EQ00173,2026-02-13 15:31:00,266,preventive,ok
MNT0000914,EQ00107,2026-02-13 17:55:00,294,inspection,ok
MNT0000362,EQ00128,2026-02-13 20:35:00,280,calibration,adjusted
MNT0001143,EQ00268,2026-02-13 21:56:00,113,inspection,adjusted
MNT0001093,EQ00084,2026-02-13 22:06:00,539,inspection,ok
MNT0000299,EQ00214,2026-02-13 22:10:00,148,repair,ok
MNT0000402,EQ00320,2026-02-14 01:13:00,443,preventive,ok
MNT0000439,EQ00263,2026-02-14 01:55:00,220,inspection,adjusted
MNT0000741,EQ00246,2026-02-14 06:02:00,313,inspection,ok
MNT0001001,EQ00278,2026-02-14 12:44:00,23,preventive,adjusted
MNT0000660,EQ00110,2026-02-14 16:05:00,227,repair,ok
MNT0000311,EQ00106,2026-02-14 19:48:00,596,inspection,ok
MNT0000412,EQ00140,2026-02-14 23:52:00,263,preventive,adjusted
MNT0000731,EQ00124,2026-02-15 03:42:00,570,preventive,ok
MNT0000183,EQ00103,2026-02-15 04:28:00,478,repair,ok
MNT0000487,EQ00012,2026-02-15 09:01:00,157,repair,ok
MNT0001153,EQ00308,2026-02-15 10:41:00,381,calibration,ok
MNT0000805,EQ00197,2026-02-15 10:44:00,276,repair,adjusted
MNT0000904,EQ00153,2026-02-15 13:40:00,162,repair,adjusted
MNT0000236,EQ00284,2026-02-15 21:48:00,436,repair,adjusted
MNT0000324,EQ00278,2026-02-16 01:12:00,282,repair,parts_replaced
MNT0000713,EQ00276,2026-02-16 05:37:00,99,calibration,adjusted
MNT0000185,EQ00082,2026-02-16 10:20:00,512,inspection,adjusted
MNT0000736,EQ00234,2026-02-16 14:03:00,375,inspection,parts_replaced
MNT0000099,EQ00014,2026-02-16 18:29:00,232,repair,ok
MNT0000343,EQ00278,2026-02-17 00:37:00,551,repair,parts_replaced
MNT0001055,EQ00232,2026-02-17 11:13:00,302,calibration,ok
MNT0000884,EQ00292,2026-02-17 11:20:00,403,repair,ok
MNT0000797,EQ00064,2026-02-17 14:14:00,248,calibration,ok
MNT0000247,EQ00078,2026-02-17 21:08:00,290,calibration,adjusted
MNT0000880,EQ00245,2026-02-17 21:56:00,326,inspection,adjusted
MNT0000490,EQ00203,2026-02-18 16:09:00,240,repair,parts_replaced
MNT0000642,EQ00314,2026-02-18 16:24:00,139,inspection,ok
MNT0001081,EQ00028,2026-02-18 20:12:00,24,repair,ok
MNT0000949,EQ00060,2026-02-18 23:15:00,156,repair,ok
MNT0000212,EQ00062,2026-02-19 00:10:00,524,repair,adjusted
MNT0000251,EQ00113,2026-02-19 03:35:00,186,calibration,parts_replaced
MNT0000719,EQ00099,2026-02-19 04:35:00,469,repair,parts_replaced
MNT0000910,EQ00081,2026-02-19 06:46:00,341,preventive,adjusted
MNT0000043,EQ00036,2026-02-19 11:28:00,319,inspection,adjusted
MNT0000701,EQ00228,2026-02-19 19:14:00,529,inspection,adjusted
MNT0000052,EQ00144,2026-02-20 05:23:00,394,preventive,adjusted
MNT0000892,EQ00161,2026-02-20 05:57:00,472,inspection,ok
MNT0000149,EQ00062,2026-02-20 08:24:00,113,inspection,ok
MNT0000619,EQ00245,2026-02-20 08:30:00,459,inspection,ok
MNT0000428,EQ00111,2026-02-20 14:48:00,169,calibration,ok
MNT0000193,EQ00020,2026-02-20 22:09:00,313,inspection,ok
MNT0000266,EQ00062,2026-02-20 23:29:00,554,calibration,parts_replaced
MNT0001050,EQ00234,2026-02-21 01:27:00,57,calibration,adjusted
MNT0001226,EQ00179,2026-02-21 04:23:00,528,preventive,adjusted
MNT0000366,EQ00208,2026-02-21 06:04:00,516,preventive,parts_replaced
MNT0000849,EQ00189,2026-02-21 08:40:00,207,repair,ok
MNT0000190,EQ00108,2026-02-21 17:20:00,334,calibration,ok
MNT0000492,EQ00095,2026-02-22 00:18:00,458,preventive,ok
MNT0000875,EQ00125,2026-02-22 12:00:00,301,inspection,ok
MNT0001066,EQ00258,2026-02-22 15:37:00,291,inspection,ok
MNT0000141,EQ00213,2026-02-22 20:17:00,594,preventive,ok
MNT0000270,EQ00145,2026-02-22 22:45:00,387,preventive,ok
MNT0000749,EQ00293,2026-02-22 23:33:00,404,calibration,ok
MNT0000489,EQ00318,2026-02-23 04:28:00,547,repair,ok
MNT0000011,EQ00240,2026-02-23 08:00:00,227,repair,parts_replaced
MNT0000273,EQ00255,2026-02-23 09:23:00,512,preventive,parts_replaced
MNT0000028,EQ00061,2026-02-23 11:30:00,24,preventive,adjusted
MNT0000341,EQ00092,2026-02-23 18:20:00,417,repair,ok
MNT0001065,EQ00275,2026-02-24 13:38:00,529,repair,ok
MNT0001058,EQ00255,2026-02-24 20:50:00,576,calibration,adjusted
MNT0001126,EQ00212,2026-02-24 22:14:00,467,repair,parts_replaced
MNT0000070,EQ00283,2026-02-24 23:26:00,37,preventive,ok
MNT0001147,EQ00073,2026-02-25 08:49:00,104,calibration,adjusted
MNT0000958,EQ00113,2026-02-25 20:44:00,378,preventive,adjusted
MNT0000618,EQ00260,2026-02-25 21:22:00,343,calibration,parts_replaced
MNT0000712,EQ00252,2026-02-25 21:41:00,363,calibration,parts_replaced
MNT0000924,EQ00237,2026-02-26 09:18:00,378,preventive,ok
MNT0000267,EQ00034,2026-02-26 17:53:00,541,calibration,ok
MNT0000987,EQ00219,2026-02-26 18:17:00,113,repair,parts_replaced
MNT0000106,EQ00005,2026-02-26 23:11:00,416,inspection,adjusted
MNT0000164,EQ00234,2026-02-27 00:54:00,499,inspection,ok
MNT0001239,EQ00200,2026-02-27 01:02:00,505,calibration,ok
MNT0001210,EQ00100,2026-02-27 01:49:00,33,preventive,parts_replaced
MNT0000680,EQ00148,2026-02-27 03:50:00,127,preventive,ok
MNT0001175,EQ00250,2026-02-27 05:41:00,106,calibration,adjusted
MNT0001157,EQ00112,2026-02-27 08:56:00,180,inspection,parts_replaced
MNT0000289,EQ00159,2026-02-27 13:49:00,396,preventive,parts_replaced
MNT0001255,EQ00013,2026-02-27 14:30:00,464,preventive,ok
MNT0000722,EQ00320,2026-02-27 19:31:00,234,calibration,adjusted
MNT0001010,EQ00288,2026-02-28 00:13:00,204,preventive,ok
MNT0001146,EQ00134,2026-02-28 02:45:00,271,calibration,ok
MNT0000307,EQ00191,2026-02-28 08:27:00,42,preventive,ok
MNT0001267,EQ00195,2026-02-28 11:23:00,341,calibration,adjusted
MNT0000393,EQ00166,2026-02-28 11:23:00,185,repair,ok
MNT0000318,EQ00120,2026-02-28 15:04:00,512,repair,ok
MNT0000290,EQ00096,2026-02-28 16:07:00,576,calibration,adjusted
MNT0001021,EQ00205,2026-02-28 18:45:00,146,preventive,ok
MNT0001086,EQ00051,2026-03-01 22:55:00,473,repair,ok
MNT0000631,EQ00139,2026-03-02 05:36:00,443,preventive,ok
MNT0000152,EQ00010,2026-03-02 06:10:00,589,calibration,adjusted
MNT0000601,EQ00307,2026-03-02 11:55:00,304,preventive,ok
MNT0000902,EQ00293,2026-03-02 13:51:00,241,repair,ok
MNT0000333,EQ00004,2026-03-02 15:28:00,531,calibration,adjusted
MNT0000330,EQ00233,2026-03-03 06:13:00,479,calibration,ok
MNT0000646,EQ00002,2026-03-03 06:56:00,244,calibration,ok
MNT0000350,EQ00180,2026-03-03 10:50:00,80,preventive,ok
MNT0001150,EQ00221,2026-03-03 13:05:00,184,inspection,adjusted
MNT0000079,EQ00152,2026-03-03 15:15:00,339,preventive,adjusted
MNT0000591,EQ00182,2026-03-03 17:45:00,523,repair,adjusted
MNT0000738,EQ00050,2026-03-03 20:51:00,340,repair,adjusted
MNT0000759,EQ00094,2026-03-03 21:01:00,388,repair,ok
MNT0001129,EQ00254,2026-03-04 04:05:00,493,repair,parts_replaced
MNT0000035,EQ00063,2026-03-04 06:11:00,128,preventive,adjusted
MNT0000925,EQ00095,2026-03-04 13:03:00,157,repair,ok
MNT0000972,EQ00091,2026-03-04 13:32:00,54,inspection,ok
MNT0000882,EQ00302,2026-03-04 16:22:00,521,calibration,adjusted
MNT0000391,EQ00261,2026-03-04 19:58:00,221,inspection,ok
MNT0000726,EQ00285,2026-03-05 00:32:00,205,calibration,ok
MNT0000010,EQ00273,2026-03-05 15:00:00,29,calibration,parts_replaced
MNT0000791,EQ00002,2026-03-05 16:12:00,510,calibration,ok
MNT0000171,EQ00310,2026-03-05 17:23:00,130,preventive,adjusted
MNT0000321,EQ00286,2026-03-05 18:44:00,509,preventive,ok
MNT0001084,EQ00243,2026-03-05 20:12:00,59,repair,ok
MNT0000395,EQ00081,2026-03-06 02:07:00,282,calibration,adjusted
MNT0000302,EQ00058,2026-03-06 16:07:00,91,preventive,ok
MNT0000531,EQ00139,2026-03-06 18:06:00,336,preventive,ok
MNT0000146,EQ00033,2026-03-07 17:22:00,528,preventive,adjusted
MNT0001107,EQ00080,2026-03-08 00:08:00,250,repair,ok
MNT0000227,EQ00257,2026-03-08 04:13:00,397,preventive,adjusted
MNT0000463,EQ00061,2026-03-08 06:14:00,334,inspection,ok
MNT0000800,EQ00115,2026-03-08 07:44:00,207,repair,adjusted
MNT0001182,EQ00088,2026-03-08 11:56:00,260,preventive,ok
MNT0000003,EQ00225,2026-03-09 02:12:00,513,inspection,ok
MNT0000032,EQ00315,2026-03-09 04:12:00,480,inspection,adjusted
MNT0001243,EQ00199,2026-03-09 07:27:00,375,preventive,adjusted
MNT0000819,EQ00309,2026-03-09 09:42:00,479,inspection,ok
MNT0000689,EQ00094,2026-03-09 14:11:00,212,repair,adjusted
MNT0001271,EQ00163,2026-03-09 16:30:00,44,preventive,ok
MNT0000623,EQ00278,2026-03-09 16:40:00,141,calibration,ok
MNT0000802,EQ00128,2026-03-09 18:10:00,595,preventive,adjusted
MNT0000928,EQ00296,2026-03-09 20:32:00,383,calibration,adjusted
MNT0000433,EQ00028,2026-03-09 22:52:00,70,repair,ok
MNT0000825,EQ00145,2026-03-10 09:16:00,124,repair,ok
MNT0000126,EQ00221,2026-03-10 11:28:00,294,inspection,ok
MNT0001041,EQ00300,2026-03-10 14:14:00,156,calibration,ok
MNT0000068,EQ00043,2026-03-10 15:48:00,258,repair,ok
MNT0001196,EQ00198,2026-03-10 18:13:00,454,preventive,ok
MNT0000320,EQ00001,2026-03-11 02:44:00,136,repair,ok
MNT0001158,EQ00199,2026-03-11 04:32:00,159,repair,ok
MNT0001140,EQ00212,2026-03-11 11:10:00,343,preventive,adjusted
MNT0001277,EQ00076,2026-03-11 15:15:00,551,preventive,ok
MNT0000857,EQ00258,2026-03-11 19:21:00,553,repair,adjusted
MNT0001136,EQ00259,2026-03-12 00:06:00,588,repair,adjusted
MNT0000174,EQ00307,2026-03-12 00:51:00,551,repair,ok
MNT0000413,EQ00199,2026-03-12 17:49:00,252,repair,adjusted
MNT0000464,EQ00016,2026-03-12 21:06:00,452,calibration,ok
MNT0000501,EQ00145,2026-03-13 05:16:00,141,inspection,ok
MNT0000647,EQ00053,2026-03-13 05:22:00,565,inspection,ok
MNT0000199,EQ00023,2026-03-13 06:54:00,532,inspection,adjusted
MNT0001177,EQ00133,2026-03-13 12:57:00,222,inspection,adjusted
MNT0000472,EQ00007,2026-03-13 18:49:00,431,inspection,ok
MNT0000898,EQ00172,2026-03-14 04:05:00,325,repair,ok
MNT0001064,EQ00009,2026-03-14 04:51:00,330,preventive,ok
MNT0000644,EQ00009,2026-03-14 14:48:00,521,repair,ok
MNT0000308,EQ00041,2026-03-14 17:20:00,222,calibration,ok
MNT0001179,EQ00088,2026-03-14 19:47:00,436,inspection,parts_replaced
MNT0001073,EQ00081,2026-03-15 04:09:00,272,preventive,ok
MNT0000131,EQ00263,2026-03-15 13:39:00,452,calibration,ok
MNT0001141,EQ00028,2026-03-15 13:54:00,117,calibration,adjusted
MNT0000507,EQ00093,2026-03-15 18:56:00,185,inspection,adjusted
MNT0000742,EQ00201,2026-03-16 03:47:00,91,repair,ok
MNT0001161,EQ00071,2026-03-16 08:01:00,190,calibration,adjusted
MNT0001216,EQ00047,2026-03-16 09:29:00,371,inspection,adjusted
MNT0001176,EQ00207,2026-03-16 16:10:00,81,inspection,adjusted
MNT0000467,EQ00117,2026-03-16 16:43:00,375,calibration,adjusted
MNT0000414,EQ00021,2026-03-16 22:32:00,117,repair,ok
MNT0000093,EQ00033,2026-03-17 00:47:00,406,inspection,adjusted
MNT0000794,EQ00080,2026-03-17 02:54:00,82,inspection,ok
MNT0000373,EQ00024,2026-03-17 13:42:00,84,inspection,adjusted
MNT0000508,EQ00234,2026-03-17 15:04:00,339,preventive,adjusted
MNT0001015,EQ00257,2026-03-17 16:55:00,293,repair,ok
MNT0001183,EQ00067,2026-03-17 21:29:00,357,inspection,adjusted
MNT0000520,EQ00262,2026-03-17 21:38:00,553,inspection,adjusted
MNT0000345,EQ00296,2026-03-17 22:35:00,283,repair,adjusted
MNT0000150,EQ00269,2026-03-17 22:45:00,346,repair,ok
MNT0000221,EQ00004,2026-03-18 02:20:00,381,inspection,adjusted
MNT0000626,EQ00191,2026-03-18 08:20:00,203,inspection,adjusted
MNT0000410,EQ00198,2026-03-18 09:06:00,241,preventive,ok
MNT0000906,EQ00079,2026-03-18 15:20:00,384,calibration,ok
MNT0000537,EQ00299,2026-03-18 16:19:00,57,repair,adjusted
MNT0000530,EQ00221,2026-03-18 17:14:00,143,repair,ok
MNT0000832,EQ00249,2026-03-19 01:35:00,217,inspection,ok
MNT0001063,EQ00061,2026-03-19 04:26:00,507,inspection,parts_replaced
MNT0000521,EQ00141,2026-03-19 13:06:00,134,repair,parts_replaced
MNT0000192,EQ00296,2026-03-19 15:03:00,61,calibration,ok
MNT0000952,EQ00191,2026-03-19 15:59:00,26,inspection,ok
MNT0000964,EQ00200,2026-03-19 21:30:00,117,calibration,ok
MNT0000491,EQ00251,2026-03-19 22:09:00,452,repair,ok
MNT0000287,EQ00106,2026-03-20 00:15:00,177,calibration,ok
MNT0000186,EQ00279,2026-03-20 03:00:00,451,preventive,ok
MNT0000031,EQ00259,2026-03-20 03:23:00,250,calibration,adjusted
MNT0000338,EQ00096,2026-03-20 04:02:00,281,calibration,ok
MNT0001225,EQ00173,2026-03-20 20:47:00,33,calibration,adjusted
MNT0001272,EQ00120,2026-03-20 21:50:00,393,calibration,ok
MNT0001208,EQ00231,2026-03-21 10:48:00,87,calibration,adjusted
MNT0000604,EQ00040,2026-03-21 12:36:00,457,calibration,ok
MNT0001096,EQ00005,2026-03-22 09:31:00,345,preventive,ok
MNT0000496,EQ00010,2026-03-22 12:22:00,221,inspection,ok
MNT0001211,EQ00125,2026-03-22 13:22:00,342,calibration,parts_replaced
MNT0000745,EQ00129,2026-03-22 14:27:00,177,inspection,ok
MNT0000202,EQ00258,2026-03-22 15:06:00,525,inspection,ok
MNT0000462,EQ00244,2026-03-22 16:18:00,128,inspection,adjusted
MNT0000396,EQ00281,2026-03-22 19:20:00,264,calibration,adjusted
MNT0000230,EQ00065,2026-03-22 22:35:00,452,calibration,ok
MNT0000734,EQ00136,2026-03-23 10:50:00,418,preventive,adjusted
MNT0000220,EQ00105,2026-03-23 16:07:00,283,preventive,ok
MNT0000528,EQ00121,2026-03-23 19:49:00,492,inspection,ok
MNT0000297,EQ00217,2026-03-23 20:09:00,121,inspection,ok
MNT0000801,EQ00210,2026-03-23 23:33:00,150,preventive,ok
MNT0000394,EQ00119,2026-03-24 08:41:00,182,preventive,parts_replaced
MNT0000173,EQ00243,2026-03-24 13:26:00,496,preventive,adjusted
MNT0000990,EQ00026,2026-03-24 17:32:00,135,calibration,ok
MNT0000027,EQ00223,2026-03-24 19:16:00,287,calibration,parts_replaced
MNT0000570,EQ00183,2026-03-24 20:00:00,477,preventive,parts_replaced
MNT0000915,EQ00042,2026-03-24 22:24:00,474,preventive,ok
MNT0000229,EQ00194,2026-03-25 01:52:00,425,preventive,adjusted
MNT0000652,EQ00195,2026-03-25 06:29:00,148,inspection,adjusted
MNT0000145,EQ00089,2026-03-25 08:21:00,179,inspection,adjusted
MNT0001178,EQ00005,2026-03-25 11:38:00,550,calibration,adjusted
MNT0000666,EQ00143,2026-03-25 14:49:00,237,calibration,ok
MNT0000907,EQ00218,2026-03-26 08:54:00,590,repair,parts_replaced
MNT0000534,EQ00138,2026-03-27 07:18:00,386,preventive,adjusted
MNT0001148,EQ00115,2026-03-27 07:21:00,142,repair,ok
MNT0000363,EQ00224,2026-03-27 12:06:00,197,preventive,ok
MNT0000863,EQ00010,2026-03-27 13:50:00,113,preventive,ok
MNT0000723,EQ00045,2026-03-27 21:25:00,444,repair,ok
MNT0000060,EQ00211,2026-03-27 23:09:00,445,calibration,adjusted
MNT0000303,EQ00111,2026-03-27 23:50:00,20,preventive,ok
MNT0001224,EQ00035,2026-03-28 06:22:00,411,calibration,adjusted
MNT0001089,EQ00149,2026-03-28 12:32:00,376,repair,ok
MNT0000180,EQ00044,2026-03-28 15:46:00,414,preventive,ok
MNT0001234,EQ00042,2026-03-28 23:21:00,497,calibration,parts_replaced
MNT0000397,EQ00162,2026-03-30 06:43:00,516,preventive,ok
MNT0000005,EQ00254,2026-03-30 06:50:00,597,inspection,ok
MNT0001252,EQ00228,2026-03-30 20:50:00,124,inspection,ok
MNT0000461,EQ00085,2026-03-30 22:25:00,279,repair,ok
MNT0000041,EQ00141,2026-03-31 05:01:00,361,repair,ok
MNT0001121,EQ00301,2026-03-31 08:45:00,150,repair,ok
MNT0001116,EQ00072,2026-03-31 10:06:00,580,calibration,ok
MNT0000260,EQ00061,2026-03-31 12:51:00,184,calibration,ok
MNT0001167,EQ00050,2026-03-31 12:53:00,313,repair,ok
MNT0000269,EQ00161,2026-03-31 13:18:00,83,preventive,ok
MNT0000109,EQ00109,2026-04-01 02:23:00,226,inspection,ok
MNT0001115,EQ00108,2026-04-01 09:27:00,501,inspection,parts_replaced
MNT0000956,EQ00194,2026-04-01 18:20:00,356,repair,ok
MNT0000377,EQ00222,2026-04-02 03:56:00,64,preventive,ok
MNT0000012,EQ00082,2026-04-02 05:56:00,597,repair,ok
MNT0001151,EQ00297,2026-04-02 06:22:00,317,preventive,adjusted
MNT0001193,EQ00214,2026-04-02 18:15:00,474,repair,ok
MNT0000587,EQ00207,2026-04-03 03:41:00,359,inspection,parts_replaced
MNT0001174,EQ00158,2026-04-03 08:45:00,295,inspection,ok
MNT0000773,EQ00279,2026-04-03 11:09:00,148,inspection,ok
MNT0000547,EQ00181,2026-04-03 16:31:00,314,inspection,adjusted
MNT0001032,EQ00274,2026-04-03 21:32:00,399,calibration,ok
MNT0000127,EQ00228,2026-04-03 22:58:00,411,repair,adjusted
MNT0000136,EQ00046,2026-04-04 03:12:00,250,repair,adjusted
MNT0000360,EQ00282,2026-04-04 18:23:00,417,preventive,ok
MNT0000581,EQ00133,2026-04-04 22:27:00,198,preventive,parts_replaced
MNT0000007,EQ00189,2026-04-05 01:10:00,82,preventive,ok
MNT0000912,EQ00109,2026-04-05 01:44:00,48,inspection,adjusted
MNT0000371,EQ00297,2026-04-05 11:14:00,102,preventive,ok
MNT0000441,EQ00181,2026-04-05 12:00:00,480,calibration,adjusted
MNT0000417,EQ00019,2026-04-06 00:53:00,324,calibration,ok
MNT0000129,EQ00226,2026-04-06 05:27:00,165,calibration,ok
MNT0000219,EQ00100,2026-04-06 05:45:00,250,repair,ok
MNT0000627,EQ00122,2026-04-06 08:00:00,288,repair,ok
MNT0000939,EQ00018,2026-04-06 11:24:00,434,preventive,ok
MNT0000766,EQ00151,2026-04-06 14:09:00,161,repair,ok
MNT0000636,EQ00122,2026-04-06 21:23:00,285,repair,parts_replaced
MNT0001268,EQ00014,2026-04-06 22:11:00,482,calibration,parts_replaced
MNT0000095,EQ00099,2026-04-07 05:10:00,522,inspection,ok
MNT0000891,EQ00027,2026-04-07 21:43:00,109,inspection,parts_replaced
MNT0000442,EQ00058,2026-04-07 22:38:00,288,preventive,ok
MNT0000132,EQ00058,2026-04-08 03:58:00,519,repair,ok
MNT0000635,EQ00050,2026-04-08 04:31:00,364,preventive,adjusted
MNT0000176,EQ00276,2026-04-08 05:43:00,503,preventive,ok
MNT0000546,EQ00290,2026-04-08 07:00:00,500,repair,ok
MNT0000853,EQ00264,2026-04-08 07:55:00,454,preventive,ok
MNT0001044,EQ00144,2026-04-08 15:54:00,64,repair,ok
MNT0000451,EQ00180,2026-04-08 18:29:00,132,calibration,ok
MNT0000316,EQ00128,2026-04-09 04:31:00,455,calibration,ok
MNT0000758,EQ00125,2026-04-09 13:06:00,552,inspection,ok
MNT0000612,EQ00294,2026-04-09 17:53:00,599,repair,adjusted
MNT0000890,EQ00280,2026-04-09 18:34:00,394,inspection,ok
MNT0000682,EQ00207,2026-04-10 01:17:00,77,repair,ok
MNT0000051,EQ00043,2026-04-10 03:07:00,194,inspection,adjusted
MNT0000306,EQ00277,2026-04-10 07:16:00,271,inspection,adjusted
MNT0001223,EQ00201,2026-04-10 17:04:00,190,repair,ok
MNT0000599,EQ00089,2026-04-10 22:21:00,417,repair,adjusted
MNT0000344,EQ00155,2026-04-11 00:53:00,256,calibration,ok
MNT0000059,EQ00104,2026-04-11 14:57:00,162,preventive,adjusted
MNT0000445,EQ00316,2026-04-11 21:05:00,374,repair,ok
MNT0001221,EQ00246,2026-04-12 04:14:00,346,repair,ok
MNT0000790,EQ00248,2026-04-12 04:50:00,94,calibration,ok
MNT0000078,EQ00097,2026-04-12 07:57:00,596,calibration,ok
MNT0000548,EQ00176,2026-04-12 12:51:00,113,inspection,ok
MNT0000833,EQ00284,2026-04-12 15:41:00,530,calibration,ok
MNT0000283,EQ00038,2026-04-12 16:40:00,279,calibration,ok
MNT0000232,EQ00299,2026-04-12 18:02:00,563,inspection,ok
MNT0001258,EQ00140,2026-04-12 20:37:00,256,inspection,adjusted
MNT0000001,EQ00113,2026-04-12 21:59:00,324,preventive,parts_replaced
MNT0000346,EQ00213,2026-04-12 23:43:00,114,repair,ok
MNT0000418,EQ00021,2026-04-13 00:23:00,535,inspection,adjusted
MNT0000328,EQ00117,2026-04-13 03:21:00,404,calibration,adjusted
MNT0000201,EQ00299,2026-04-13 06:00:00,156,calibration,ok
MNT0001052,EQ00071,2026-04-13 07:47:00,516,repair,ok
MNT0000590,EQ00010,2026-04-13 10:28:00,571,inspection,ok
MNT0000565,EQ00274,2026-04-13 17:28:00,22,preventive,ok
MNT0000100,EQ00002,2026-04-14 04:00:00,554,preventive,adjusted
MNT0000139,EQ00034,2026-04-14 11:01:00,428,repair,ok
MNT0001039,EQ00243,2026-04-14 19:23:00,253,inspection,adjusted
MNT0000237,EQ00163,2026-04-14 20:06:00,81,inspection,parts_replaced
MNT0000272,EQ00266,2026-04-15 08:41:00,180,repair,adjusted
MNT0000018,EQ00024,2026-04-15 09:19:00,72,preventive,adjusted
MNT0000824,EQ00234,2026-04-15 11:42:00,536,inspection,parts_replaced
MNT0000597,EQ00219,2026-04-15 13:13:00,99,calibration,ok
MNT0000454,EQ00142,2026-04-15 14:58:00,264,preventive,ok
MNT0000352,EQ00309,2026-04-15 15:47:00,392,inspection,adjusted
MNT0000486,EQ00010,2026-04-15 23:00:00,390,repair,adjusted
MNT0000452,EQ00317,2026-04-16 02:06:00,513,repair,ok
MNT0000015,EQ00005,2026-04-16 03:12:00,306,inspection,adjusted
MNT0000605,EQ00317,2026-04-16 06:00:00,179,repair,ok
MNT0001091,EQ00111,2026-04-16 12:07:00,134,calibration,parts_replaced
MNT0001036,EQ00181,2026-04-16 12:18:00,507,calibration,ok
MNT0000504,EQ00112,2026-04-16 12:56:00,283,calibration,ok
MNT0000500,EQ00083,2026-04-16 16:34:00,361,inspection,ok
MNT0000400,EQ00253,2026-04-16 22:57:00,23,repair,parts_replaced
MNT0000263,EQ00263,2026-04-16 23:05:00,564,repair,ok
MNT0001094,EQ00091,2026-04-17 03:35:00,464,calibration,ok
MNT0000381,EQ00023,2026-04-17 06:55:00,567,inspection,adjusted
MNT0000008,EQ00216,2026-04-17 13:45:00,23,preventive,adjusted
MNT0000932,EQ00120,2026-04-17 14:43:00,270,repair,parts_replaced
MNT0000998,EQ00283,2026-04-17 14:52:00,165,repair,adjusted
MNT0000930,EQ00251,2026-04-17 18:44:00,564,inspection,ok
MNT0000893,EQ00051,2026-04-17 20:54:00,231,calibration,adjusted
MNT0001260,EQ00115,2026-04-18 16:43:00,423,repair,ok
MNT0000172,EQ00119,2026-04-18 18:01:00,198,inspection,ok
MNT0000407,EQ00018,2026-04-18 18:23:00,515,inspection,ok
MNT0000717,EQ00268,2026-04-18 19:34:00,99,preventive,adjusted
MNT0000426,EQ00036,2026-04-18 20:58:00,529,repair,adjusted
MNT0000725,EQ00099,2026-04-18 22:42:00,487,inspection,ok
MNT0000459,EQ00191,2026-04-19 06:21:00,106,calibration,ok
MNT0000617,EQ00174,2026-04-19 07:40:00,508,calibration,ok
MNT0000335,EQ00293,2026-04-19 18:13:00,82,inspection,parts_replaced
MNT0000295,EQ00154,2026-04-19 20:37:00,420,repair,parts_replaced
MNT0000994,EQ00078,2026-04-20 02:45:00,341,repair,ok
MNT0001180,EQ00043,2026-04-20 19:30:00,508,repair,adjusted
MNT0000792,EQ00161,2026-04-20 21:45:00,501,calibration,ok
MNT0000806,EQ00005,2026-04-21 00:22:00,323,calibration,ok
MNT0001191,EQ00051,2026-04-21 00:25:00,259,calibration,ok
MNT0000114,EQ00314,2026-04-21 05:15:00,139,repair,ok
MNT0001261,EQ00219,2026-04-21 06:55:00,381,inspection,ok
MNT0000639,EQ00156,2026-04-21 08:55:00,355,preventive,ok
MNT0000786,EQ00316,2026-04-21 18:54:00,226,preventive,parts_replaced
MNT0000776,EQ00100,2026-04-21 19:54:00,206,preventive,ok
MNT0000067,EQ00096,2026-04-22 08:13:00,513,preventive,ok
MNT0000815,EQ00052,2026-04-22 17:02:00,313,repair,ok
MNT0000275,EQ00189,2026-04-23 02:05:00,211,calibration,ok
MNT0000039,EQ00155,2026-04-23 03:44:00,206,preventive,adjusted
MNT0000064,EQ00229,2026-04-23 06:55:00,575,repair,ok
MNT0000468,EQ00033,2026-04-23 08:56:00,468,preventive,adjusted
MNT0001109,EQ00019,2026-04-23 11:08:00,162,preventive,ok
MNT0000740,EQ00015,2026-04-23 11:42:00,488,calibration,adjusted
MNT0000764,EQ00074,2026-04-23 15:25:00,322,inspection,ok
MNT0000021,EQ00088,2026-04-23 20:26:00,30,repair,adjusted
MNT0000506,EQ00124,2026-04-24 01:35:00,231,calibration,ok
MNT0000278,EQ00106,2026-04-24 02:07:00,123,inspection,ok
MNT0001067,EQ00164,2026-04-24 05:47:00,385,inspection,adjusted
MNT0000842,EQ00242,2026-04-24 06:28:00,147,calibration,ok
MNT0000606,EQ00079,2026-04-24 06:34:00,560,preventive,ok
MNT0000901,EQ00069,2026-04-24 06:50:00,517,repair,ok
MNT0000607,EQ00311,2026-04-24 19:23:00,574,preventive,parts_replaced
MNT0000967,EQ00174,2026-04-24 19:48:00,526,repair,adjusted
MNT0000589,EQ00230,2026-04-24 21:51:00,580,calibration,ok
MNT0000123,EQ00191,2026-04-24 22:30:00,416,repair,adjusted
MNT0001114,EQ00072,2026-04-25 01:33:00,489,repair,parts_replaced
MNT0001033,EQ00308,2026-04-25 03:06:00,468,repair,ok
MNT0000785,EQ00161,2026-04-25 08:32:00,369,preventive,ok
MNT0000480,EQ00012,2026-04-25 14:46:00,113,repair,adjusted
MNT0000843,EQ00309,2026-04-25 21:15:00,290,inspection,ok
MNT0000555,EQ00239,2026-04-26 01:36:00,350,inspection,ok
MNT0000357,EQ00141,2026-04-26 05:56:00,527,inspection,ok
MNT0000389,EQ00281,2026-04-26 08:57:00,598,inspection,parts_replaced
MNT0000084,EQ00133,2026-04-27 00:45:00,374,repair,ok
MNT0000539,EQ00181,2026-04-27 02:02:00,560,inspection,adjusted
MNT0000667,EQ00073,2026-04-27 06:24:00,428,repair,ok
MNT0000420,EQ00091,2026-04-27 15:27:00,297,calibration,adjusted
MNT0001017,EQ00300,2026-04-27 16:56:00,224,inspection,adjusted
MNT0000772,EQ00182,2026-04-27 18:59:00,480,repair,parts_replaced
MNT0000140,EQ00204,2026-04-28 10:41:00,395,calibration,parts_replaced
MNT0001195,EQ00202,2026-04-28 11:13:00,261,preventive,ok
MNT0000518,EQ00255,2026-04-28 11:17:00,552,preventive,ok
MNT0000668,EQ00044,2026-04-28 12:35:00,588,preventive,parts_replaced
MNT0000406,EQ00173,2026-04-28 19:54:00,480,preventive,adjusted
MNT0000602,EQ00193,2026-04-28 21:14:00,492,inspection,parts_replaced
MNT0001120,EQ00210,2026-04-29 05:05:00,487,preventive,adjusted
MNT0001008,EQ00285,2026-04-29 05:42:00,403,calibration,ok
MNT0000679,EQ00273,2026-04-29 09:24:00,547,inspection,adjusted
MNT0000257,EQ00094,2026-04-29 10:46:00,279,preventive,ok
MNT0001194,EQ00253,2026-04-29 15:21:00,592,calibration,ok
MNT0000313,EQ00223,2026-04-29 21:09:00,552,calibration,ok
MNT0001249,EQ00093,2026-04-29 23:10:00,87,inspection,ok
MNT0000169,EQ00156,2026-04-30 07:22:00,512,preventive,adjusted
MNT0000177,EQ00154,2026-04-30 10:50:00,303,preventive,adjusted
MNT0000834,EQ00067,2026-04-30 10:54:00,317,repair,adjusted
MNT0000233,EQ00131,2026-04-30 12:23:00,517,repair,ok
MNT0000746,EQ00189,2026-04-30 19:40:00,563,preventive,adjusted
MNT0000527,EQ00132,2026-05-01 01:48:00,299,preventive,adjusted
MNT0000816,EQ00270,2026-05-01 12:13:00,381,preventive,ok
MNT0001072,EQ00066,2026-05-01 12:30:00,477,calibration,adjusted
MNT0000573,EQ00230,2026-05-01 17:23:00,269,inspection,ok
MNT0000110,EQ00021,2026-05-02 09:12:00,324,inspection,ok
MNT0000002,EQ00056,2026-05-02 12:21:00,523,calibration,ok
MNT0000840,EQ00065,2026-05-02 16:22:00,483,calibration,adjusted
MNT0000852,EQ00182,2026-05-02 22:51:00,236,calibration,ok
MNT0000787,EQ00071,2026-05-03 02:13:00,217,repair,ok
MNT0000569,EQ00042,2026-05-03 05:07:00,23,repair,adjusted
MNT0001104,EQ00130,2026-05-03 05:51:00,121,calibration,ok
MNT0000165,EQ00186,2026-05-03 10:04:00,114,calibration,ok
MNT0000567,EQ00196,2026-05-03 10:58:00,279,inspection,ok
MNT0000826,EQ00048,2026-05-03 12:52:00,532,preventive,ok
MNT0001139,EQ00308,2026-05-03 12:53:00,52,inspection,ok
MNT0000361,EQ00045,2026-05-03 14:07:00,111,preventive,adjusted
MNT0001070,EQ00036,2026-05-03 16:07:00,209,calibration,adjusted
MNT0000977,EQ00008,2026-05-03 16:22:00,490,repair,ok
MNT0000121,EQ00308,2026-05-03 16:34:00,60,repair,adjusted
MNT0000588,EQ00310,2026-05-03 18:06:00,250,calibration,ok
MNT0000831,EQ00180,2026-05-03 19:31:00,351,preventive,ok
MNT0001045,EQ00184,2026-05-03 20:47:00,138,repair,ok
MNT0000080,EQ00039,2026-05-03 21:21:00,411,repair,parts_replaced
MNT0000498,EQ00026,2026-05-04 01:48:00,189,repair,ok
MNT0001144,EQ00090,2026-05-04 11:09:00,545,calibration,adjusted
MNT0001074,EQ00276,2026-05-04 13:11:00,268,repair,adjusted
MNT0000085,EQ00087,2026-05-04 18:35:00,399,calibration,adjusted
MNT0001014,EQ00132,2026-05-04 20:11:00,576,inspection,adjusted
MNT0000558,EQ00198,2026-05-04 21:21:00,338,repair,ok
MNT0000382,EQ00169,2026-05-04 22:04:00,564,calibration,ok
MNT0000888,EQ00244,2026-05-05 06:10:00,300,calibration,adjusted
MNT0000519,EQ00310,2026-05-05 10:07:00,84,calibration,parts_replaced
MNT0000133,EQ00155,2026-05-05 10:49:00,466,preventive,adjusted
MNT0000553,EQ00217,2026-05-05 11:13:00,402,preventive,ok
MNT0001085,EQ00145,2026-05-05 12:07:00,46,preventive,ok
MNT0000691,EQ00256,2026-05-05 13:19:00,499,inspection,adjusted
MNT0000997,EQ00141,2026-05-05 15:52:00,553,inspection,ok
MNT0000921,EQ00116,2026-05-05 20:16:00,152,preventive,ok
MNT0000538,EQ00095,2026-05-06 02:19:00,551,inspection,ok
MNT0000245,EQ00009,2026-05-06 05:01:00,411,preventive,ok
MNT0001061,EQ00068,2026-05-06 05:38:00,553,preventive,adjusted
MNT0000062,EQ00303,2026-05-06 11:32:00,335,preventive,ok
MNT0000390,EQ00262,2026-05-06 12:17:00,211,repair,adjusted
MNT0000087,EQ00157,2026-05-06 12:20:00,299,inspection,ok
MNT0000621,EQ00167,2026-05-06 15:50:00,273,inspection,adjusted
MNT0000624,EQ00270,2026-05-07 06:37:00,270,inspection,adjusted
MNT0000116,EQ00111,2026-05-07 12:56:00,93,preventive,ok
MNT0001209,EQ00138,2026-05-07 15:49:00,596,inspection,adjusted
MNT0000788,EQ00141,2026-05-07 18:34:00,426,inspection,parts_replaced
MNT0000222,EQ00312,2026-05-07 19:08:00,216,calibration,parts_replaced
MNT0000583,EQ00183,2026-05-07 21:29:00,598,preventive,ok
MNT0000107,EQ00153,2026-05-08 05:19:00,306,repair,ok
MNT0000807,EQ00285,2026-05-08 07:40:00,175,preventive,adjusted
MNT0000161,EQ00113,2026-05-08 11:31:00,195,preventive,ok
MNT0000376,EQ00025,2026-05-08 17:45:00,427,inspection,adjusted
MNT0000897,EQ00282,2026-05-08 20:43:00,386,calibration,ok
MNT0001279,EQ00091,2026-05-09 00:02:00,586,repair,ok
MNT0001133,EQ00226,2026-05-09 06:18:00,338,inspection,ok
MNT0001253,EQ00220,2026-05-09 15:27:00,368,inspection,ok
MNT0000637,EQ00269,2026-05-09 16:24:00,273,repair,ok
MNT0000153,EQ00202,2026-05-09 17:08:00,457,inspection,ok
MNT0000777,EQ00305,2026-05-09 19:20:00,244,inspection,ok
MNT0000988,EQ00173,2026-05-09 20:42:00,162,calibration,ok
MNT0000716,EQ00181,2026-05-09 23:20:00,268,repair,ok
MNT0000603,EQ00227,2026-05-10 00:05:00,29,preventive,adjusted
MNT0001080,EQ00275,2026-05-10 01:01:00,83,calibration,parts_replaced
MNT0000309,EQ00101,2026-05-10 03:18:00,178,inspection,parts_replaced
MNT0000473,EQ00218,2026-05-10 08:20:00,486,preventive,adjusted
MNT0000469,EQ00282,2026-05-10 13:17:00,60,calibration,ok
MNT0001023,EQ00165,2026-05-10 23:02:00,404,calibration,adjusted
MNT0000282,EQ00169,2026-05-11 04:04:00,107,repair,adjusted
MNT0001152,EQ00063,2026-05-11 08:09:00,589,calibration,ok
MNT0000135,EQ00171,2026-05-11 16:11:00,439,preventive,parts_replaced
MNT0000098,EQ00063,2026-05-11 21:06:00,78,calibration,ok
MNT0000367,EQ00010,2026-05-11 23:32:00,183,repair,ok
MNT0000117,EQ00305,2026-05-12 04:33:00,440,calibration,ok
MNT0001090,EQ00120,2026-05-12 04:48:00,157,repair,ok
MNT0000405,EQ00164,2026-05-12 05:24:00,441,inspection,parts_replaced
MNT0000331,EQ00136,2026-05-12 11:40:00,524,repair,ok
MNT0000542,EQ00109,2026-05-12 13:11:00,520,preventive,parts_replaced
MNT0000326,EQ00004,2026-05-12 22:47:00,415,preventive,ok
MNT0001112,EQ00267,2026-05-13 00:38:00,367,calibration,ok
MNT0000943,EQ00055,2026-05-13 02:21:00,112,inspection,adjusted
MNT0000951,EQ00031,2026-05-13 03:06:00,25,repair,ok
MNT0000128,EQ00182,2026-05-13 06:31:00,220,inspection,ok
MNT0000685,EQ00111,2026-05-13 11:04:00,415,calibration,adjusted
MNT0000913,EQ00068,2026-05-13 17:40:00,365,repair,adjusted
MNT0001197,EQ00300,2026-05-14 00:33:00,563,calibration,ok
MNT0000030,EQ00253,2026-05-14 00:54:00,286,preventive,ok
MNT0000836,EQ00293,2026-05-14 04:09:00,164,calibration,parts_replaced
MNT0000651,EQ00255,2026-05-14 05:20:00,29,repair,ok
MNT0000757,EQ00250,2026-05-14 11:38:00,276,calibration,ok
MNT0000654,EQ00228,2026-05-14 12:02:00,438,inspection,ok
MNT0001000,EQ00230,2026-05-14 13:59:00,283,inspection,ok
MNT0000770,EQ00153,2026-05-14 19:06:00,189,inspection,parts_replaced
MNT0000505,EQ00003,2026-05-15 05:08:00,471,calibration,adjusted
MNT0000728,EQ00091,2026-05-15 06:13:00,520,preventive,ok
MNT0000151,EQ00205,2026-05-15 07:02:00,403,inspection,ok
MNT0000556,EQ00254,2026-05-15 07:55:00,447,calibration,adjusted
MNT0000814,EQ00113,2026-05-15 09:43:00,592,inspection,ok
MNT0001188,EQ00088,2026-05-15 15:43:00,517,calibration,ok
MNT0000033,EQ00217,2026-05-16 04:27:00,258,calibration,ok
MNT0000329,EQ00163,2026-05-16 12:07:00,261,calibration,ok
MNT0000750,EQ00288,2026-05-16 18:36:00,548,repair,parts_replaced
MNT0000310,EQ00221,2026-05-16 21:27:00,351,calibration,ok
MNT0001171,EQ00209,2026-05-17 00:45:00,149,inspection,ok
MNT0000729,EQ00104,2026-05-17 01:50:00,70,calibration,adjusted
MNT0000985,EQ00184,2026-05-17 07:32:00,200,repair,ok
MNT0001154,EQ00169,2026-05-17 09:43:00,44,preventive,ok
MNT0001202,EQ00269,2026-05-17 13:47:00,30,repair,ok
MNT0000242,EQ00155,2026-05-18 08:45:00,269,repair,ok
MNT0000455,EQ00104,2026-05-18 14:35:00,362,preventive,ok
MNT0000484,EQ00205,2026-05-18 19:18:00,91,calibration,parts_replaced
MNT0001169,EQ00180,2026-05-19 01:09:00,590,inspection,ok
MNT0000072,EQ00095,2026-05-19 14:24:00,47,repair,ok
MNT0000248,EQ00145,2026-05-19 16:01:00,489,preventive,adjusted
MNT0000876,EQ00088,2026-05-19 18:01:00,206,repair,ok
MNT0000820,EQ00163,2026-05-19 23:02:00,432,inspection,ok
MNT0000609,EQ00295,2026-05-20 05:56:00,203,repair,ok
MNT0000265,EQ00051,2026-05-20 08:04:00,390,inspection,parts_replaced
MNT0000048,EQ00165,2026-05-20 10:12:00,362,inspection,ok
MNT0001079,EQ00065,2026-05-20 12:22:00,34,calibration,parts_replaced
MNT0000978,EQ00013,2026-05-20 16:34:00,195,calibration,ok
MNT0001215,EQ00090,2026-05-21 00:10:00,393,repair,adjusted
MNT0000163,EQ00231,2026-05-21 11:51:00,528,inspection,ok
MNT0000427,EQ00129,2026-05-21 12:00:00,236,repair,ok
MNT0001006,EQ00185,2026-05-21 12:11:00,304,inspection,ok
MNT0000858,EQ00162,2026-05-21 19:50:00,79,preventive,ok
MNT0001035,EQ00080,2026-05-22 03:03:00,397,inspection,adjusted
MNT0000502,EQ00151,2026-05-22 05:02:00,30,calibration,adjusted
MNT0000895,EQ00134,2026-05-22 06:00:00,440,repair,adjusted
MNT0000533,EQ00265,2026-05-22 07:15:00,260,preventive,ok
MNT0000940,EQ00020,2026-05-22 07:30:00,149,calibration,ok
MNT0000516,EQ00155,2026-05-22 07:55:00,249,preventive,ok
MNT0000887,EQ00066,2026-05-22 09:28:00,165,calibration,parts_replaced
MNT0001049,EQ00054,2026-05-22 13:08:00,134,preventive,parts_replaced
MNT0000493,EQ00301,2026-05-22 16:14:00,415,preventive,adjusted
MNT0001149,EQ00168,2026-05-22 22:41:00,554,repair,adjusted
MNT0000211,EQ00021,2026-05-23 05:09:00,587,repair,ok
MNT0001232,EQ00092,2026-05-23 07:05:00,518,inspection,adjusted
MNT0001111,EQ00253,2026-05-23 17:44:00,599,inspection,adjusted
MNT0000544,EQ00026,2026-05-23 18:05:00,299,repair,adjusted
MNT0000262,EQ00238,2026-05-23 18:57:00,395,preventive,ok
MNT0001106,EQ00101,2026-05-24 02:30:00,342,repair,ok
MNT0001030,EQ00250,2026-05-24 03:45:00,399,calibration,ok
MNT0000356,EQ00168,2026-05-25 05:27:00,247,calibration,ok
MNT0000444,EQ00289,2026-05-25 07:41:00,172,repair,ok
MNT0000798,EQ00081,2026-05-25 11:26:00,391,calibration,adjusted
MNT0000753,EQ00125,2026-05-25 13:30:00,190,inspection,ok
MNT0000009,EQ00047,2026-05-25 17:16:00,177,calibration,ok
MNT0001204,EQ00282,2026-05-25 21:53:00,504,inspection,ok
MNT0000879,EQ00275,2026-05-25 22:19:00,186,calibration,ok
MNT0000168,EQ00077,2026-05-26 07:23:00,273,preventive,adjusted
MNT0000686,EQ00048,2026-05-26 11:56:00,372,calibration,ok
MNT0000187,EQ00320,2026-05-26 18:36:00,589,inspection,ok
MNT0000526,EQ00150,2026-05-27 03:00:00,132,inspection,adjusted
MNT0000550,EQ00064,2026-05-27 12:33:00,412,preventive,ok
MNT0000653,EQ00074,2026-05-27 14:22:00,157,inspection,adjusted
MNT0000319,EQ00142,2026-05-27 17:01:00,288,repair,adjusted
MNT0001092,EQ00154,2026-05-27 17:58:00,233,repair,ok
MNT0001145,EQ00299,2026-05-28 00:50:00,195,inspection,parts_replaced
MNT0000707,EQ00060,2026-05-28 05:36:00,268,preventive,ok
MNT0000865,EQ00262,2026-05-28 11:49:00,179,inspection,ok
MNT0001270,EQ00285,2026-05-28 14:46:00,358,repair,adjusted
MNT0000475,EQ00243,2026-05-28 20:26:00,170,calibration,ok
MNT0000522,EQ00162,2026-05-29 01:33:00,164,preventive,parts_replaced
MNT0000945,EQ00137,2026-05-29 05:06:00,302,calibration,adjusted
MNT0000931,EQ00282,2026-05-29 11:35:00,157,repair,adjusted
MNT0000091,EQ00258,2026-05-29 13:54:00,72,inspection,ok
MNT0000037,EQ00208,2026-05-29 14:05:00,458,calibration,adjusted
MNT0000495,EQ00289,2026-05-29 23:41:00,48,repair,adjusted
MNT0000250,EQ00060,2026-05-30 22:13:00,339,repair,parts_replaced
MNT0000778,EQ00077,2026-05-31 00:13:00,535,repair,adjusted
MNT0000563,EQ00001,2026-05-31 04:22:00,250,calibration,ok
MNT0001018,EQ00189,2026-05-31 05:55:00,347,inspection,adjusted
MNT0000919,EQ00185,2026-05-31 07:58:00,420,repair,ok
MNT0001128,EQ00151,2026-05-31 08:28:00,332,inspection,adjusted
MNT0000240,EQ00022,2026-05-31 17:16:00,108,inspection,adjusted
MNT0000204,EQ00170,2026-06-01 08:14:00,583,inspection,parts_replaced
MNT0000580,EQ00289,2026-06-02 01:21:00,339,calibration,adjusted
MNT0000780,EQ00219,2026-06-02 05:13:00,366,repair,parts_replaced
MNT0001263,EQ00206,2026-06-02 08:22:00,197,calibration,ok
MNT0000560,EQ00095,2026-06-02 19:52:00,45,calibration,ok
MNT0000622,EQ00196,2026-06-02 21:33:00,111,preventive,ok
MNT0000629,EQ00162,2026-06-03 00:34:00,492,calibration,adjusted
MNT0000638,EQ00310,2026-06-03 03:00:00,255,repair,adjusted
MNT0000365,EQ00312,2026-06-03 09:49:00,40,preventive,ok
MNT0000050,EQ00005,2026-06-03 18:01:00,152,preventive,adjusted
MNT0001142,EQ00158,2026-06-04 05:08:00,440,inspection,adjusted
MNT0000300,EQ00276,2026-06-04 17:15:00,337,calibration,parts_replaced
MNT0001256,EQ00244,2026-06-04 20:48:00,570,preventive,adjusted
MNT0001122,EQ00119,2026-06-04 21:57:00,537,inspection,ok
MNT0000962,EQ00076,2026-06-04 23:17:00,489,preventive,parts_replaced
MNT0000443,EQ00179,2026-06-05 00:20:00,162,calibration,adjusted
MNT0000358,EQ00046,2026-06-05 03:19:00,422,calibration,ok
MNT0001245,EQ00133,2026-06-05 04:48:00,456,calibration,parts_replaced
MNT0000332,EQ00196,2026-06-05 08:18:00,256,preventive,adjusted
MNT0000175,EQ00160,2026-06-05 11:40:00,65,inspection,ok
MNT0000453,EQ00106,2026-06-05 12:16:00,219,repair,ok
MNT0000259,EQ00167,2026-06-06 03:10:00,317,inspection,ok
MNT0000353,EQ00176,2026-06-06 04:00:00,490,calibration,ok
MNT0000160,EQ00149,2026-06-06 04:47:00,310,calibration,parts_replaced
MNT0000672,EQ00135,2026-06-06 05:25:00,506,inspection,adjusted
MNT0000254,EQ00181,2026-06-06 07:49:00,296,preventive,adjusted
MNT0001087,EQ00241,2026-06-06 12:11:00,324,repair,ok
MNT0001205,EQ00181,2026-06-06 12:14:00,219,repair,ok
MNT0001222,EQ00134,2026-06-06 12:59:00,494,inspection,parts_replaced
MNT0000657,EQ00050,2026-06-06 15:34:00,333,inspection,ok
MNT0001251,EQ00141,2026-06-06 18:54:00,557,repair,parts_replaced
MNT0000408,EQ00152,2026-06-06 19:43:00,269,preventive,ok
MNT0000779,EQ00141,2026-06-06 23:06:00,230,repair,ok
MNT0001005,EQ00318,2026-06-07 02:48:00,428,preventive,ok
MNT0000372,EQ00273,2026-06-07 06:11:00,42,repair,ok
MNT0000432,EQ00217,2026-06-07 08:06:00,491,repair,ok
MNT0001235,EQ00105,2026-06-07 17:30:00,187,calibration,ok
MNT0000503,EQ00253,2026-06-07 18:49:00,150,repair,ok
MNT0001025,EQ00273,2026-06-07 22:52:00,464,calibration,ok
MNT0001207,EQ00020,2026-06-08 04:30:00,231,calibration,ok
MNT0000137,EQ00104,2026-06-08 04:33:00,34,calibration,adjusted
MNT0000392,EQ00132,2026-06-08 06:15:00,34,calibration,ok
MNT0000355,EQ00303,2026-06-08 18:36:00,217,preventive,ok
MNT0000083,EQ00177,2026-06-08 20:51:00,203,repair,ok
MNT0000234,EQ00030,2026-06-08 23:27:00,538,preventive,ok
MNT0000620,EQ00169,2026-06-09 06:31:00,348,inspection,ok
MNT0001228,EQ00176,2026-06-09 13:24:00,451,preventive,parts_replaced
MNT0000216,EQ00032,2026-06-09 21:33:00,551,repair,ok
MNT0000111,EQ00073,2026-06-10 02:26:00,179,calibration,ok
MNT0000292,EQ00181,2026-06-10 02:56:00,514,calibration,ok
MNT0000403,EQ00043,2026-06-10 05:32:00,161,repair,ok
MNT0000038,EQ00111,2026-06-10 06:36:00,91,calibration,ok
MNT0000478,EQ00301,2026-06-10 20:52:00,468,inspection,adjusted
MNT0001214,EQ00026,2026-06-10 22:20:00,542,calibration,ok
MNT0000016,EQ00262,2026-06-10 23:07:00,147,calibration,parts_replaced
MNT0000386,EQ00160,2026-06-11 00:14:00,216,preventive,ok
MNT0000696,EQ00164,2026-06-11 01:42:00,494,repair,ok
MNT0000510,EQ00030,2026-06-11 17:30:00,150,inspection,adjusted
MNT0001186,EQ00163,2026-06-11 18:22:00,228,repair,ok
MNT0000025,EQ00244,2026-06-11 20:47:00,378,preventive,adjusted
MNT0000810,EQ00184,2026-06-11 20:48:00,136,preventive,adjusted
MNT0001138,EQ00034,2026-06-12 06:12:00,314,repair,parts_replaced
MNT0000970,EQ00318,2026-06-12 13:39:00,257,calibration,adjusted
MNT0000733,EQ00263,2026-06-12 14:21:00,288,calibration,parts_replaced
MNT0000616,EQ00023,2026-06-12 15:56:00,413,inspection,ok
MNT0000658,EQ00074,2026-06-12 16:49:00,543,inspection,ok
MNT0000946,EQ00233,2026-06-12 20:15:00,351,preventive,adjusted
MNT0001212,EQ00318,2026-06-12 21:46:00,28,calibration,ok
MNT0001100,EQ00049,2026-06-12 22:30:00,94,calibration,adjusted
MNT0000714,EQ00006,2026-06-12 23:35:00,88,calibration,parts_replaced
MNT0000700,EQ00167,2026-06-13 09:17:00,28,calibration,ok
MNT0000984,EQ00135,2026-06-13 10:29:00,397,repair,ok
MNT0001192,EQ00145,2026-06-13 21:28:00,320,calibration,ok
MNT0000739,EQ00024,2026-06-13 22:01:00,181,preventive,ok
MNT0000829,EQ00214,2026-06-14 05:40:00,431,repair,ok
MNT0000497,EQ00007,2026-06-14 10:44:00,96,inspection,adjusted
MNT0000256,EQ00259,2026-06-14 12:50:00,342,calibration,ok
MNT0000899,EQ00019,2026-06-14 18:12:00,128,calibration,adjusted
MNT0000762,EQ00020,2026-06-15 05:55:00,327,repair,adjusted
MNT0000595,EQ00260,2026-06-15 07:36:00,454,calibration,ok
MNT0001011,EQ00267,2026-06-15 14:09:00,149,repair,ok
MNT0000118,EQ00105,2026-06-15 20:04:00,287,preventive,adjusted
MNT0000225,EQ00227,2026-06-16 08:41:00,592,preventive,ok
MNT0001004,EQ00307,2026-06-16 09:54:00,175,calibration,ok
MNT0000435,EQ00282,2026-06-16 11:04:00,268,repair,adjusted
MNT0000384,EQ00141,2026-06-16 11:57:00,218,calibration,ok
MNT0000354,EQ00301,2026-06-17 01:22:00,564,repair,ok
MNT0000721,EQ00244,2026-06-17 10:14:00,136,preventive,adjusted
MNT0000665,EQ00284,2026-06-17 11:06:00,405,inspection,ok
MNT0001016,EQ00260,2026-06-17 12:13:00,598,preventive,ok
MNT0000859,EQ00172,2026-06-17 14:27:00,256,inspection,adjusted
MNT0000846,EQ00248,2026-06-17 23:07:00,547,repair,ok
MNT0000540,EQ00091,2026-06-17 23:49:00,206,repair,ok
MNT0000166,EQ00175,2026-06-18 08:44:00,428,calibration,ok
MNT0000423,EQ00110,2026-06-18 11:17:00,277,inspection,ok
MNT0001218,EQ00257,2026-06-18 16:49:00,585,inspection,ok
MNT0000105,EQ00023,2026-06-18 18:14:00,594,inspection,ok
MNT0000017,EQ00090,2026-06-19 02:03:00,516,inspection,adjusted
MNT0000830,EQ00110,2026-06-19 03:40:00,594,repair,ok
MNT0000643,EQ00006,2026-06-19 05:27:00,414,repair,parts_replaced
MNT0000768,EQ00084,2026-06-19 08:02:00,430,preventive,ok
MNT0000577,EQ00126,2026-06-19 19:22:00,179,inspection,adjusted
MNT0001020,EQ00053,2026-06-20 01:08:00,216,inspection,ok
MNT0000513,EQ00199,2026-06-20 10:56:00,277,inspection,ok
MNT0000086,EQ00304,2026-06-20 11:38:00,517,calibration,adjusted
MNT0001266,EQ00023,2026-06-20 13:02:00,170,preventive,ok
MNT0000065,EQ00295,2026-06-20 16:00:00,468,inspection,ok
MNT0000632,EQ00218,2026-06-20 16:59:00,66,inspection,ok
MNT0000752,EQ00318,2026-06-20 17:46:00,367,inspection,ok
MNT0000903,EQ00291,2026-06-20 21:34:00,50,preventive,ok
MNT0001124,EQ00129,2026-06-20 23:04:00,303,inspection,ok
MNT0000648,EQ00201,2026-06-20 23:43:00,402,calibration,parts_replaced
MNT0000207,EQ00198,2026-06-21 03:36:00,137,preventive,ok
MNT0001038,EQ00033,2026-06-21 08:40:00,491,preventive,ok
MNT0000301,EQ00102,2026-06-21 10:21:00,136,calibration,ok
MNT0000246,EQ00026,2026-06-21 14:36:00,438,inspection,ok
MNT0000061,EQ00288,2026-06-21 18:13:00,69,calibration,ok
MNT0000399,EQ00033,2026-06-21 18:28:00,442,preventive,adjusted
MNT0000608,EQ00143,2026-06-21 19:23:00,311,preventive,ok
MNT0000789,EQ00300,2026-06-21 21:14:00,518,preventive,ok
MNT0000296,EQ00181,2026-06-21 22:35:00,119,repair,ok
MNT0000284,EQ00287,2026-06-22 08:01:00,381,repair,ok
MNT0001077,EQ00100,2026-06-22 09:26:00,363,repair,ok
MNT0000339,EQ00306,2026-06-22 15:53:00,110,inspection,adjusted
MNT0001053,EQ00082,2026-06-23 05:10:00,313,calibration,ok
MNT0000683,EQ00178,2026-06-23 05:39:00,193,inspection,ok
MNT0001056,EQ00307,2026-06-23 16:46:00,304,inspection,ok
MNT0000661,EQ00285,2026-06-23 17:29:00,434,repair,ok
MNT0000908,EQ00126,2026-06-24 00:14:00,561,repair,ok
MNT0000515,EQ00097,2026-06-24 05:36:00,377,inspection,ok
MNT0000996,EQ00261,2026-06-24 05:44:00,137,inspection,adjusted
MNT0000822,EQ00079,2026-06-24 11:13:00,386,repair,ok
MNT0000465,EQ00013,2026-06-24 13:35:00,175,inspection,ok
MNT0001220,EQ00203,2026-06-24 18:11:00,154,inspection,ok
MNT0000989,EQ00020,2026-06-24 18:58:00,198,inspection,ok
MNT0001054,EQ00153,2026-06-24 20:00:00,475,calibration,ok
MNT0000561,EQ00189,2026-06-25 00:16:00,393,preventive,parts_replaced
MNT0000765,EQ00258,2026-06-25 07:00:00,423,preventive,ok
MNT0000348,EQ00166,2026-06-25 08:19:00,273,inspection,parts_replaced
MNT0001198,EQ00082,2026-06-25 15:04:00,501,preventive,adjusted
MNT0000102,EQ00051,2026-06-25 20:51:00,128,repair,ok
MNT0000434,EQ00280,2026-06-26 10:55:00,310,calibration,ok
MNT0000422,EQ00160,2026-06-27 04:42:00,588,repair,ok
MNT0000955,EQ00305,2026-06-27 11:08:00,204,repair,ok
MNT0001019,EQ00153,2026-06-27 12:32:00,376,repair,adjusted
MNT0001125,EQ00218,2026-06-27 17:05:00,343,repair,ok
MNT0000092,EQ00029,2026-06-27 17:26:00,31,inspection,adjusted
MNT0000194,EQ00066,2026-06-27 23:00:00,266,inspection,adjusted
MNT0000718,EQ00072,2026-06-28 05:07:00,453,repair,ok
MNT0001029,EQ00263,2026-06-28 05:44:00,45,repair,ok
MNT0000760,EQ00143,2026-06-28 07:00:00,222,preventive,ok
MNT0000482,EQ00261,2026-06-28 11:16:00,253,preventive,ok
MNT0000709,EQ00312,2026-06-28 14:11:00,249,calibration,ok
MNT0001168,EQ00033,2026-06-28 14:12:00,366,repair,ok
MNT0001103,EQ00105,2026-06-28 16:35:00,107,preventive,ok
MNT0000744,EQ00201,2026-06-28 18:47:00,184,repair,ok
MNT0000154,EQ00044,2026-06-28 20:09:00,142,preventive,ok
MNT0000388,EQ00016,2026-06-29 15:54:00,469,preventive,ok
MNT0000206,EQ00252,2026-06-29 17:00:00,39,preventive,adjusted
MNT0000711,EQ00260,2026-06-29 18:10:00,194,calibration,ok
MNT0000424,EQ00088,2026-06-30 04:40:00,462,repair,ok
MNT0000383,EQ00268,2026-06-30 07:59:00,47,repair,ok
MNT0000938,EQ00281,2026-06-30 17:57:00,409,repair,adjusted
MNT0001022,EQ00182,2026-06-30 21:06:00,321,inspection,adjusted
MNT0001118,EQ00094,2026-06-30 23:50:00,391,inspection,adjusted
MNT0001095,EQ00090,2026-07-01 01:13:00,130,repair,ok
MNT0000839,EQ00061,2026-07-01 03:37:00,145,preventive,ok
MNT0000104,EQ00096,2026-07-01 11:43:00,259,repair,ok
MNT0000576,EQ00109,2026-07-01 13:40:00,457,preventive,parts_replaced
MNT0001083,EQ00164,2026-07-01 22:48:00,513,calibration,ok
MNT0000886,EQ00173,2026-07-02 09:51:00,176,preventive,adjusted
MNT0000720,EQ00058,2026-07-02 10:24:00,40,repair,ok
MNT0000483,EQ00179,2026-07-03 00:36:00,551,calibration,ok
MNT0001276,EQ00165,2026-07-03 02:18:00,472,repair,ok
MNT0001278,EQ00024,2026-07-03 04:02:00,314,calibration,ok
MNT0000993,EQ00107,2026-07-03 07:34:00,387,repair,adjusted
MNT0000529,EQ00177,2026-07-03 18:00:00,555,preventive,parts_replaced
MNT0000440,EQ00233,2026-07-04 02:00:00,292,preventive,ok
MNT0000525,EQ00177,2026-07-04 10:52:00,231,calibration,adjusted
MNT0000364,EQ00077,2026-07-04 17:56:00,595,calibration,ok
MNT0000662,EQ00235,2026-07-04 18:06:00,280,repair,ok
MNT0000916,EQ00311,2026-07-04 18:47:00,484,repair,parts_replaced
MNT0000767,EQ00028,2026-07-04 23:21:00,358,preventive,adjusted
MNT0000138,EQ00306,2026-07-04 23:41:00,233,inspection,ok
MNT0001108,EQ00258,2026-07-05 01:05:00,264,calibration,adjusted
MNT0001131,EQ00158,2026-07-05 12:07:00,179,preventive,ok
MNT0001273,EQ00235,2026-07-05 15:32:00,274,preventive,ok
MNT0001062,EQ00149,2026-07-05 19:06:00,235,repair,ok
MNT0001099,EQ00053,2026-07-06 05:39:00,462,preventive,ok
MNT0001102,EQ00153,2026-07-06 08:36:00,146,repair,ok
MNT0001034,EQ00195,2026-07-06 18:21:00,418,calibration,parts_replaced
MNT0000562,EQ00318,2026-07-06 23:43:00,170,inspection,ok
MNT0000866,EQ00211,2026-07-07 00:10:00,351,preventive,ok
MNT0000781,EQ00092,2026-07-07 08:34:00,106,preventive,ok
MNT0000926,EQ00012,2026-07-07 11:25:00,529,repair,ok
MNT0000596,EQ00196,2026-07-08 01:30:00,223,repair,ok
MNT0000935,EQ00183,2026-07-08 12:15:00,160,preventive,ok
MNT0000649,EQ00226,2026-07-08 19:04:00,268,calibration,adjusted
MNT0000431,EQ00170,2026-07-08 19:34:00,192,inspection,ok
MNT0001265,EQ00209,2026-07-09 02:50:00,270,repair,adjusted
MNT0000162,EQ00199,2026-07-09 05:41:00,70,calibration,ok
MNT0000837,EQ00206,2026-07-09 18:04:00,415,repair,ok
MNT0000579,EQ00274,2026-07-10 09:05:00,400,preventive,adjusted
MNT0000976,EQ00155,2026-07-10 09:54:00,465,calibration,adjusted
MNT0000584,EQ00124,2026-07-10 10:13:00,555,calibration,ok
MNT0000349,EQ00065,2026-07-10 13:25:00,355,inspection,ok
MNT0000314,EQ00106,2026-07-10 19:05:00,131,repair,ok
MNT0001101,EQ00317,2026-07-10 22:13:00,159,calibration,ok
MNT0000923,EQ00196,2026-07-10 22:24:00,450,calibration,adjusted
MNT0000543,EQ00226,2026-07-10 23:23:00,312,inspection,ok
MNT0000178,EQ00043,2026-07-10 23:58:00,362,inspection,ok
MNT0000557,EQ00067,2026-07-11 00:38:00,144,inspection,ok
MNT0000419,EQ00273,2026-07-11 10:02:00,469,preventive,adjusted
MNT0000799,EQ00073,2026-07-11 10:44:00,599,calibration,parts_replaced
MNT0001164,EQ00003,2026-07-11 13:15:00,152,preventive,adjusted
MNT0000013,EQ00114,2026-07-12 10:06:00,297,inspection,parts_replaced
MNT0001172,EQ00175,2026-07-12 11:22:00,251,repair,ok
MNT0001162,EQ00220,2026-07-12 11:58:00,259,calibration,ok
MNT0000554,EQ00098,2026-07-12 18:08:00,69,inspection,adjusted
MNT0000703,EQ00162,2026-07-12 21:11:00,266,inspection,ok
MNT0000671,EQ00151,2026-07-13 00:38:00,253,calibration,parts_replaced
MNT0000774,EQ00238,2026-07-13 01:00:00,353,preventive,ok
MNT0000845,EQ00192,2026-07-13 01:08:00,244,preventive,ok
MNT0000889,EQ00102,2026-07-13 16:18:00,385,preventive,ok
MNT0000022,EQ00173,2026-07-13 18:58:00,410,inspection,ok
MNT0000103,EQ00223,2026-07-13 20:23:00,37,preventive,ok
MNT0000979,EQ00138,2026-07-14 03:50:00,550,inspection,adjusted
MNT0000368,EQ00080,2026-07-14 05:55:00,41,repair,ok
MNT0000334,EQ00211,2026-07-14 08:25:00,84,repair,ok
MNT0000113,EQ00061,2026-07-14 11:18:00,588,inspection,parts_replaced
MNT0000124,EQ00056,2026-07-14 14:47:00,156,repair,ok
MNT0000934,EQ00297,2026-07-14 15:17:00,321,inspection,ok
MNT0000450,EQ00049,2026-07-14 18:56:00,57,preventive,ok
MNT0000835,EQ00216,2026-07-15 02:09:00,90,repair,ok
MNT0000058,EQ00230,2026-07-15 05:24:00,588,inspection,ok
MNT0000436,EQ00222,2026-07-15 07:51:00,274,inspection,ok
MNT0000046,EQ00118,2026-07-15 09:04:00,585,repair,ok
MNT0000827,EQ00268,2026-07-15 10:24:00,529,repair,ok
MNT0000948,EQ00029,2026-07-15 12:28:00,142,repair,adjusted
MNT0000927,EQ00111,2026-07-16 02:20:00,588,inspection,ok
MNT0000184,EQ00143,2026-07-16 03:05:00,568,calibration,ok
MNT0000119,EQ00045,2026-07-16 03:11:00,184,repair,ok
MNT0000900,EQ00071,2026-07-16 03:52:00,251,preventive,ok
MNT0000374,EQ00234,2026-07-16 09:44:00,257,inspection,adjusted
MNT0000379,EQ00208,2026-07-16 12:43:00,527,preventive,adjusted
MNT0001076,EQ00245,2026-07-17 03:13:00,443,preventive,ok
MNT0000748,EQ00128,2026-07-17 03:53:00,518,preventive,ok
MNT0000941,EQ00237,2026-07-17 04:03:00,112,repair,parts_replaced
MNT0001219,EQ00270,2026-07-17 05:33:00,519,preventive,ok
MNT0000523,EQ00144,2026-07-18 00:03:00,327,preventive,parts_replaced
MNT0000783,EQ00042,2026-07-18 02:14:00,366,inspection,ok
MNT0000409,EQ00096,2026-07-18 02:38:00,251,preventive,ok
MNT0001257,EQ00255,2026-07-18 04:22:00,51,inspection,ok
MNT0000155,EQ00135,2026-07-18 05:14:00,41,calibration,ok
MNT0001173,EQ00208,2026-07-18 05:44:00,303,calibration,adjusted
MNT0000076,EQ00196,2026-07-18 15:25:00,507,inspection,parts_replaced
MNT0001165,EQ00008,2026-07-18 20:44:00,282,calibration,adjusted
MNT0000188,EQ00028,2026-07-18 20:48:00,411,preventive,adjusted
MNT0000999,EQ00235,2026-07-19 02:12:00,79,preventive,ok
MNT0000687,EQ00167,2026-07-19 22:34:00,449,inspection,adjusted
MNT0000485,EQ00001,2026-07-19 22:46:00,219,inspection,parts_replaced
MNT0000088,EQ00216,2026-07-20 20:58:00,311,repair,ok
MNT0000957,EQ00197,2026-07-20 22:24:00,38,preventive,ok
MNT0000286,EQ00008,2026-07-20 23:11:00,329,calibration,ok
MNT0000969,EQ00241,2026-07-20 23:30:00,357,repair,ok
MNT0001069,EQ00029,2026-07-21 09:36:00,388,inspection,parts_replaced
MNT0001201,EQ00182,2026-07-21 10:53:00,259,preventive,ok
MNT0000812,EQ00142,2026-07-21 13:36:00,53,preventive,adjusted
MNT0000082,EQ00164,2026-07-21 14:21:00,390,calibration,ok
MNT0000042,EQ00077,2026-07-21 14:38:00,471,inspection,adjusted
MNT0000006,EQ00313,2026-07-22 09:14:00,452,preventive,adjusted
MNT0000809,EQ00193,2026-07-22 09:23:00,421,calibration,parts_replaced
MNT0000294,EQ00300,2026-07-22 12:19:00,58,calibration,ok
MNT0000375,EQ00036,2026-07-22 13:06:00,96,calibration,adjusted
MNT0000704,EQ00025,2026-07-22 16:20:00,395,preventive,ok
MNT0001098,EQ00076,2026-07-22 18:20:00,571,preventive,adjusted
MNT0000075,EQ00257,2026-07-23 03:43:00,415,repair,parts_replaced
MNT0000411,EQ00075,2026-07-23 05:14:00,407,calibration,ok
MNT0000305,EQ00188,2026-07-23 17:52:00,294,calibration,ok
MNT0000937,EQ00090,2026-07-24 03:57:00,229,repair,ok
MNT0000793,EQ00046,2026-07-24 08:50:00,83,preventive,parts_replaced
MNT0000575,EQ00243,2026-07-24 17:18:00,67,calibration,adjusted
MNT0000198,EQ00103,2026-07-24 20:26:00,126,inspection,adjusted
MNT0000855,EQ00070,2026-07-24 21:40:00,407,preventive,parts_replaced
MNT0001012,EQ00123,2026-07-25 09:12:00,551,repair,adjusted
MNT0000625,EQ00036,2026-07-25 16:21:00,46,calibration,adjusted
MNT0000847,EQ00134,2026-07-26 06:28:00,565,inspection,parts_replaced
MNT0001269,EQ00307,2026-07-26 17:44:00,340,preventive,parts_replaced
MNT0000142,EQ00152,2026-07-26 19:40:00,598,repair,ok
MNT0001230,EQ00118,2026-07-26 21:06:00,146,repair,adjusted
MNT0000535,EQ00291,2026-07-26 21:55:00,593,preventive,ok
MNT0000125,EQ00206,2026-07-26 23:20:00,20,inspection,adjusted
MNT0000143,EQ00011,2026-07-27 07:24:00,160,inspection,ok
MNT0000196,EQ00151,2026-07-27 08:06:00,62,preventive,adjusted
MNT0000532,EQ00259,2026-07-27 13:14:00,295,preventive,ok
MNT0000775,EQ00283,2026-07-27 14:54:00,414,inspection,adjusted
MNT0001264,EQ00165,2026-07-27 18:03:00,81,preventive,ok
MNT0000096,EQ00088,2026-07-28 11:12:00,427,inspection,adjusted
MNT0000751,EQ00257,2026-07-28 17:08:00,86,preventive,ok
MNT0001117,EQ00212,2026-07-29 06:07:00,112,calibration,ok
MNT0000966,EQ00253,2026-07-29 08:44:00,419,calibration,ok
MNT0000197,EQ00192,2026-07-29 10:15:00,393,inspection,ok
MNT0000850,EQ00098,2026-07-29 17:17:00,57,preventive,adjusted
MNT0000995,EQ00215,2026-07-29 18:25:00,129,calibration,adjusted
MNT0001185,EQ00100,2026-07-29 22:38:00,261,inspection,ok
MNT0000066,EQ00252,2026-07-30 04:03:00,557,calibration,parts_replaced
MNT0001042,EQ00068,2026-07-30 07:28:00,375,inspection,ok
MNT0000922,EQ00271,2026-07-30 07:32:00,185,repair,parts_replaced
MNT0000470,EQ00048,2026-07-30 13:26:00,465,preventive,adjusted
MNT0000115,EQ00245,2026-07-30 17:36:00,166,repair,ok
MNT0000664,EQ00173,2026-07-30 18:02:00,294,inspection,adjusted
MNT0000280,EQ00285,2026-07-30 18:18:00,232,preventive,ok
MNT0000191,EQ00016,2026-07-30 20:22:00,466,preventive,ok
MNT0000438,EQ00137,2026-07-30 23:19:00,62,calibration,ok
MNT0001262,EQ00276,2026-07-31 10:31:00,344,inspection,ok
MNT0000640,EQ00156,2026-07-31 10:50:00,123,inspection,ok
MNT0000695,EQ00297,2026-07-31 12:53:00,26,preventive,parts_replaced
MNT0000545,EQ00269,2026-08-01 02:46:00,554,preventive,ok
MNT0000024,EQ00011,2026-08-01 05:16:00,467,repair,adjusted
MNT0000823,EQ00089,2026-08-01 06:26:00,187,repair,adjusted
MNT0000754,EQ00037,2026-08-01 08:28:00,251,preventive,ok
MNT0000950,EQ00244,2026-08-01 22:19:00,218,preventive,ok
MNT0000524,EQ00254,2026-08-01 23:30:00,37,calibration,ok
MNT0001026,EQ00048,2026-08-02 06:00:00,390,inspection,adjusted
MNT0001009,EQ00273,2026-08-02 09:51:00,365,inspection,adjusted
MNT0000340,EQ00011,2026-08-02 23:45:00,187,repair,ok
MNT0000698,EQ00137,2026-08-02 23:47:00,496,repair,parts_replaced
MNT0000980,EQ00239,2026-08-03 00:02:00,82,repair,ok
MNT0000380,EQ00273,2026-08-03 01:51:00,435,preventive,adjusted
MNT0001238,EQ00204,2026-08-03 03:27:00,418,inspection,ok
MNT0001057,EQ00255,2026-08-03 07:34:00,368,inspection,parts_replaced
MNT0000869,EQ00017,2026-08-03 09:25:00,295,calibration,ok
MNT0000856,EQ00085,2026-08-03 10:01:00,360,preventive,adjusted
MNT0000659,EQ00098,2026-08-03 22:02:00,340,inspection,ok
MNT0001254,EQ00316,2026-08-03 22:19:00,491,repair,ok
MNT0001206,EQ00071,2026-08-03 23:09:00,281,calibration,adjusted
MNT0000688,EQ00090,2026-08-04 15:15:00,122,calibration,ok
MNT0001163,EQ00104,2026-08-04 15:57:00,219,repair,adjusted
MNT0000347,EQ00179,2026-08-04 18:20:00,68,preventive,ok
MNT0000878,EQ00138,2026-08-04 19:53:00,230,repair,parts_replaced
MNT0000872,EQ00090,2026-08-05 04:00:00,512,repair,ok
MNT0001190,EQ00017,2026-08-05 07:10:00,66,calibration,ok
MNT0000359,EQ00086,2026-08-05 10:25:00,178,preventive,ok
MNT0000499,EQ00254,2026-08-05 10:27:00,390,calibration,ok
MNT0001110,EQ00137,2026-08-05 10:56:00,107,calibration,ok
MNT0001241,EQ00153,2026-08-05 12:53:00,119,inspection,parts_replaced
MNT0000942,EQ00001,2026-08-05 16:20:00,426,preventive,ok
MNT0000509,EQ00241,2026-08-05 23:09:00,61,inspection,ok
MNT0000613,EQ00196,2026-08-06 00:45:00,128,calibration,adjusted
MNT0000559,EQ00160,2026-08-06 06:01:00,431,calibration,ok
MNT0000252,EQ00107,2026-08-06 11:09:00,357,calibration,ok
MNT0000873,EQ00113,2026-08-06 12:44:00,145,repair,ok
MNT0000159,EQ00139,2026-08-06 13:33:00,354,inspection,ok
MNT0000437,EQ00296,2026-08-06 14:25:00,117,repair,ok
MNT0001187,EQ00058,2026-08-07 01:16:00,49,calibration,ok
MNT0000063,EQ00181,2026-08-07 16:11:00,260,calibration,adjusted
MNT0000674,EQ00312,2026-08-07 17:28:00,584,preventive,ok
MNT0001071,EQ00230,2026-08-07 20:03:00,373,repair,parts_replaced
MNT0000517,EQ00100,2026-08-07 20:20:00,523,preventive,parts_replaced
MNT0000710,EQ00103,2026-08-07 22:14:00,23,preventive,adjusted
MNT0000669,EQ00106,2026-08-08 16:10:00,258,inspection,ok
MNT0001113,EQ00165,2026-08-08 18:35:00,153,inspection,adjusted
MNT0000959,EQ00123,2026-08-09 01:06:00,380,repair,ok
MNT0000134,EQ00134,2026-08-09 03:13:00,320,preventive,ok
MNT0000147,EQ00031,2026-08-09 15:51:00,491,preventive,adjusted
MNT0001242,EQ00136,2026-08-09 17:01:00,265,calibration,ok
MNT0000471,EQ00108,2026-08-09 17:27:00,215,calibration,ok
MNT0000089,EQ00012,2026-08-10 01:25:00,311,inspection,ok
MNT0000387,EQ00291,2026-08-10 01:36:00,447,inspection,ok
MNT0000818,EQ00092,2026-08-10 15:22:00,433,repair,parts_replaced
MNT0000182,EQ00153,2026-08-10 16:53:00,404,preventive,ok
MNT0000828,EQ00129,2026-08-11 01:23:00,102,inspection,ok
MNT0000077,EQ00282,2026-08-11 02:02:00,155,inspection,ok
MNT0000325,EQ00274,2026-08-11 06:50:00,93,calibration,ok
MNT0000692,EQ00301,2026-08-11 08:57:00,533,calibration,adjusted
MNT0001024,EQ00217,2026-08-11 12:32:00,171,repair,adjusted
MNT0000228,EQ00177,2026-08-11 19:10:00,231,calibration,parts_replaced
MNT0000458,EQ00191,2026-08-11 19:47:00,220,preventive,ok
MNT0000656,EQ00260,2026-08-12 05:06:00,599,preventive,ok
MNT0000870,EQ00215,2026-08-12 05:20:00,130,calibration,ok
MNT0000933,EQ00104,2026-08-12 11:19:00,518,calibration,ok
MNT0001248,EQ00092,2026-08-13 00:59:00,68,inspection,ok
MNT0000004,EQ00311,2026-08-13 05:06:00,142,repair,ok
MNT0001134,EQ00198,2026-08-13 08:36:00,427,repair,ok
MNT0000854,EQ00024,2026-08-13 13:59:00,89,repair,ok
MNT0000963,EQ00193,2026-08-13 15:40:00,61,repair,adjusted
MNT0000917,EQ00122,2026-08-13 17:10:00,400,preventive,parts_replaced
MNT0001048,EQ00290,2026-08-13 18:49:00,457,preventive,ok
MNT0001130,EQ00114,2026-08-14 02:17:00,338,inspection,ok
MNT0000960,EQ00220,2026-08-14 02:17:00,352,repair,adjusted
MNT0000205,EQ00175,2026-08-14 18:14:00,443,preventive,ok
MNT0000304,EQ00089,2026-08-14 22:08:00,29,calibration,adjusted
MNT0000351,EQ00220,2026-08-15 08:38:00,256,repair,ok
MNT0000215,EQ00033,2026-08-15 08:47:00,125,inspection,ok
MNT0000678,EQ00079,2026-08-15 13:32:00,474,repair,adjusted
MNT0000029,EQ00045,2026-08-15 22:07:00,95,preventive,ok
MNT0000401,EQ00211,2026-08-16 00:07:00,293,calibration,ok
MNT0000991,EQ00049,2026-08-16 00:19:00,213,repair,adjusted
MNT0000090,EQ00089,2026-08-16 01:12:00,86,calibration,adjusted
MNT0000541,EQ00142,2026-08-16 08:22:00,310,repair,adjusted
MNT0001013,EQ00234,2026-08-16 14:58:00,117,preventive,ok
MNT0000055,EQ00092,2026-08-16 19:07:00,193,repair,ok
MNT0000415,EQ00252,2026-08-16 21:56:00,297,repair,adjusted
MNT0000241,EQ00303,2026-08-17 00:23:00,521,preventive,adjusted
MNT0000974,EQ00190,2026-08-17 06:13:00,317,inspection,ok
MNT0001132,EQ00160,2026-08-17 07:02:00,52,inspection,adjusted
MNT0000817,EQ00103,2026-08-17 13:44:00,535,preventive,parts_replaced
MNT0001060,EQ00207,2026-08-18 05:10:00,365,repair,ok
MNT0000203,EQ00300,2026-08-18 05:57:00,308,calibration,parts_replaced
MNT0000821,EQ00199,2026-08-18 06:46:00,309,calibration,adjusted
MNT0001160,EQ00005,2026-08-18 20:41:00,238,repair,ok
MNT0000641,EQ00016,2026-08-18 23:01:00,320,inspection,adjusted
MNT0000512,EQ00023,2026-08-18 23:23:00,324,repair,ok
MNT0000536,EQ00056,2026-08-19 02:50:00,255,preventive,adjusted
MNT0000336,EQ00169,2026-08-19 07:17:00,596,preventive,parts_replaced
MNT0000756,EQ00239,2026-08-19 07:48:00,138,calibration,ok
MNT0000421,EQ00276,2026-08-20 02:28:00,586,preventive,ok
MNT0000860,EQ00207,2026-08-20 06:10:00,594,preventive,adjusted
MNT0000258,EQ00289,2026-08-20 06:15:00,393,repair,parts_replaced
MNT0000670,EQ00210,2026-08-20 16:19:00,191,preventive,ok
MNT0001227,EQ00010,2026-08-20 16:56:00,376,calibration,ok
MNT0001259,EQ00091,2026-08-20 21:25:00,313,inspection,parts_replaced
MNT0001203,EQ00045,2026-08-21 17:34:00,460,calibration,parts_replaced
MNT0000069,EQ00037,2026-08-21 22:00:00,445,repair,ok
MNT0000737,EQ00239,2026-08-22 06:18:00,33,inspection,ok
MNT0000761,EQ00258,2026-08-22 08:03:00,271,inspection,parts_replaced
MNT0000796,EQ00196,2026-08-22 08:33:00,508,inspection,ok
MNT0000862,EQ00229,2026-08-22 12:46:00,401,preventive,parts_replaced
MNT0001027,EQ00139,2026-08-22 22:57:00,116,preventive,ok
MNT0000281,EQ00011,2026-08-23 03:35:00,178,calibration,ok
MNT0000342,EQ00045,2026-08-23 07:11:00,496,inspection,ok
MNT0000782,EQ00085,2026-08-23 17:03:00,557,preventive,adjusted
MNT0000600,EQ00167,2026-08-24 13:59:00,283,inspection,parts_replaced
MNT0000655,EQ00190,2026-08-24 15:11:00,310,repair,ok
MNT0000073,EQ00111,2026-08-24 21:07:00,440,preventive,ok
MNT0000213,EQ00236,2026-08-25 09:36:00,272,inspection,ok
MNT0000634,EQ00299,2026-08-25 09:40:00,443,preventive,ok
MNT0000226,EQ00046,2026-08-25 16:38:00,232,calibration,adjusted
MNT0000277,EQ00248,2026-08-25 17:24:00,133,calibration,ok
MNT0000244,EQ00222,2026-08-25 20:32:00,62,preventive,ok
MNT0001237,EQ00300,2026-08-26 01:42:00,315,calibration,ok
MNT0000690,EQ00013,2026-08-26 01:42:00,412,inspection,ok
MNT0000992,EQ00212,2026-08-26 03:42:00,369,preventive,parts_replaced
MNT0000877,EQ00080,2026-08-26 15:19:00,435,inspection,ok
MNT0001028,EQ00232,2026-08-26 16:37:00,564,preventive,ok
MNT0000684,EQ00091,2026-08-26 16:55:00,43,repair,adjusted
MNT0000322,EQ00169,2026-08-26 23:14:00,339,repair,adjusted
MNT0000645,EQ00152,2026-08-26 23:15:00,314,repair,ok
MNT0000279,EQ00126,2026-08-27 02:39:00,173,preventive,ok
MNT0000549,EQ00224,2026-08-27 04:02:00,274,repair,adjusted
MNT0000905,EQ00285,2026-08-27 08:38:00,365,preventive,ok
MNT0000874,EQ00076,2026-08-27 09:17:00,400,calibration,adjusted
MNT0000896,EQ00216,2026-08-27 09:29:00,590,inspection,adjusted
MNT0001280,EQ00170,2026-08-27 11:31:00,124,calibration,parts_replaced
MNT0000841,EQ00035,2026-08-27 14:02:00,89,preventive,ok
MNT0000049,EQ00053,2026-08-27 18:30:00,86,inspection,ok
MNT0001236,EQ00258,2026-08-27 18:58:00,353,preventive,adjusted
MNT0000446,EQ00144,2026-08-27 21:03:00,272,repair,ok
MNT0001002,EQ00059,2026-08-27 22:55:00,218,repair,ok
