sensor_id,equipment_id,sensor_type,unit,normal_min,normal_max
S000001,EQ00162,pressure,bar,2.0,10.0
S000002,EQ00314,rpm,rpm,500.0,3200.0
S000003,EQ00182,pressure,bar,2.0,10.0
S000004,EQ00105,flow,m3/h,10.0,220.0
S000005,EQ00177,temperature,C,35.0,85.0
S000006,EQ00191,vibration,mm/s,0.5,7.0
S000007,EQ00193,temperature,C,35.0,85.0
S000008,EQ00119,rpm,rpm,500.0,3200.0
S000009,EQ00250,vibration,mm/s,0.5,7.0
S000010,EQ00218,vibration,mm/s,0.5,7.0
S000011,EQ00053,flow,m3/h,10.0,220.0
S000012,EQ00051,pressure,bar,2.0,10.0
S000013,EQ00162,temperature,C,35.0,85.0
S000014,EQ00110,temperature,C,35.0,85.0
S000015,EQ00143,vibration,mm/s,0.5,7.0
S000016,EQ00239,flow,m3/h,10.0,220.0
S000017,EQ00093,power,kW,5.0,150.0
S000018,EQ00161,flow,m3/h,10.0,220.0
S000019,EQ00242,vibration,mm/s,0.5,7.0
S000020,EQ00165,pressure,bar,2.0,10.0
S000021,EQ00314,temperature,C,35.0,85.0
S000022,EQ00024,pressure,bar,2.0,10.0
S000023,EQ00236,power,kW,5.0,150.0
S000024,EQ00207,rpm,rpm,500.0,3200.0
S000025,EQ00128,pressure,bar,2.0,10.0
S000026,EQ00209,rpm,rpm,500.0,3200.0
S000027,EQ00131,power,kW,5.0,150.0
S000028,EQ00210,vibration,mm/s,0.5,7.0
S000029,EQ00293,flow,m3/h,10.0,220.0
S000030,EQ00269,pressure,bar,2.0,10.0
S000031,EQ00050,temperature,C,35.0,85.0
S000032,EQ00013,flow,m3/h,10.0,220.0
S000033,EQ00216,flow,m3/h,10.0,220.0
S000034,EQ00123,temperature,C,35.0,85.0
S000035,EQ00034,flow,m3/h,10.0,220.0
S000036,EQ00180,flow,m3/h,10.0,220.0
S000037,EQ00072,rpm,rpm,500.0,3200.0
S000038,EQ00009,vibration,mm/s,0.5,7.0
S000039,EQ00071,power,kW,5.0,150.0
S000040,EQ00126,power,kW,5.0,150.0
S000041,EQ00110,power,kW,5.0,150.0
S000042,EQ00221,power,kW,5.0,150.0
S000043,EQ00285,power,kW,5.0,150.0
S000044,EQ00138,power,kW,5.0,150.0
S000045,EQ00096,rpm,rpm,500.0,3200.0
S000046,EQ00277,power,kW,5.0,150.0
S000047,EQ00299,temperature,C,35.0,85.0
S000048,EQ00093,temperature,C,35.0,85.0
S000049,EQ00189,flow,m3/h,10.0,220.0
S000050,EQ00294,flow,m3/h,10.0,220.0
S000051,EQ00036,power,kW,5.0,150.0
S000052,EQ00181,vibration,mm/s,0.5,7.0
S000053,EQ00304,rpm,rpm,500.0,3200.0
S000054,EQ00286,temperature,C,35.0,85.0
S000055,EQ00294,pressure,bar,2.0,10.0
S000056,EQ00110,vibration,mm/s,0.5,7.0
S000057,EQ00090,temperature,C,35.0,85.0
S000058,EQ00304,rpm,rpm,500.0,3200.0
S000059,EQ00192,power,kW,5.0,150.0
S000060,EQ00034,vibration,mm/s,0.5,7.0
S000061,EQ00279,power,kW,5.0,150.0
S000062,EQ00310,temperature,C,35.0,85.0
S000063,EQ00084,pressure,bar,2.0,10.0
S000064,EQ00268,power,kW,5.0,150.0
S000065,EQ00105,pressure,bar,2.0,10.0
S000066,EQ00123,rpm,rpm,500.0,3200.0
S000067,EQ00069,vibration,mm/s,0.5,7.0
S000068,EQ00272,temperature,C,35.0,85.0
S000069,EQ00113,power,kW,5.0,150.0
S000070,EQ00061,flow,m3/h,10.0,220.0
S000071,EQ00255,pressure,bar,2.0,10.0
S000072,EQ00157,temperature,C,35.0,85.0
S000073,EQ00071,flow,m3/h,10.0,220.0
S000074,EQ00241,pressure,bar,2.0,10.0
S000075,EQ00301,vibration,mm/s,0.5,7.0
S000076,EQ00231,power,kW,5.0,150.0
S000077,EQ00149,vibration,mm/s,0.5,7.0
S000078,EQ00293,flow,m3/h,10.0,220.0
S000079,EQ00287,vibration,mm/s,0.5,7.0
S000080,EQ00232,power,kW,5.0,150.0
S000081,EQ00257,power,kW,5.0,150.0
S000082,EQ00068,vibration,mm/s,0.5,7.0
S000083,EQ00320,pressure,bar,2.0,10.0
S000084,EQ00262,temperature,C,35.0,85.0
S000085,EQ00018,power,kW,5.0,150.0
S000086,EQ00079,rpm,rpm,500.0,3200.0
S000087,EQ00099,flow,m3/h,10.0,220.0
S000088,EQ00119,vibration,mm/s,0.5,7.0
S000089,EQ00034,vibration,mm/s,0.5,7.0
S000090,EQ00312,power,kW,5.0,150.0
S000091,EQ00302,rpm,rpm,500.0,3200.0
S000092,EQ00099,flow,m3/h,10.0,220.0
S000093,EQ00001,temperature,C,35.0,85.0
S000094,EQ00300,vibration,mm/s,0.5,7.0
S000095,EQ00054,vibration,mm/s,0.5,7.0
S000096,EQ00123,vibration,mm/s,0.5,7.0
S000097,EQ00128,pressure,bar,2.0,10.0
S000098,EQ00125,flow,m3/h,10.0,220.0
S000099,EQ00125,temperature,C,35.0,85.0
S000100,EQ00027,rpm,rpm,500.0,3200.0
S000101,EQ00079,power,kW,5.0,150.0
S000102,EQ00190,power,kW,5.0,150.0
S000103,EQ00068,rpm,rpm,500.0,3200.0
S000104,EQ00305,temperature,C,35.0,85.0
S000105,EQ00091,rpm,rpm,500.0,3200.0
S000106,EQ00141,vibration,mm/s,0.5,7.0
S000107,EQ00274,power,kW,5.0,150.0
S000108,EQ00036,rpm,rpm,500.0,3200.0
S000109,EQ00242,power,kW,5.0,150.0
S000110,EQ00038,vibration,mm/s,0.5,7.0
S000111,EQ00170,pressure,bar,2.0,10.0
S000112,EQ00212,pressure,bar,2.0,10.0
S000113,EQ00151,temperature,C,35.0,85.0
S000114,EQ00030,rpm,rpm,500.0,3200.0
S000115,EQ00017,temperature,C,35.0,85.0
S000116,EQ00069,pressure,bar,2.0,10.0
S000117,EQ00217,power,kW,5.0,150.0
S000118,EQ00214,temperature,C,35.0,85.0
S000119,EQ00064,flow,m3/h,10.0,220.0
S000120,EQ00082,pressure,bar,2.0,10.0
S000121,EQ00317,temperature,C,35.0,85.0
S000122,EQ00063,power,kW,5.0,150.0
S000123,EQ00076,power,kW,5.0,150.0
S000124,EQ00008,power,kW,5.0,150.0
S000125,EQ00089,rpm,rpm,500.0,3200.0
S000126,EQ00140,pressure,bar,2.0,10.0
S000127,EQ00267,rpm,rpm,500.0,3200.0
S000128,EQ00279,pressure,bar,2.0,10.0
S000129,EQ00046,power,kW,5.0,150.0
S000130,EQ00201,temperature,C,35.0,85.0
S000131,EQ00298,power,kW,5.0,150.0
S000132,EQ00002,vibration,mm/s,0.5,7.0
S000133,EQ00308,rpm,rpm,500.0,3200.0
S000134,EQ00020,rpm,rpm,500.0,3200.0
S000135,EQ00077,flow,m3/h,10.0,220.0
S000136,EQ00182,flow,m3/h,10.0,220.0
S000137,EQ00042,temperature,C,35.0,85.0
S000138,EQ00034,temperature,C,35.0,85.0
S000139,EQ00295,flow,m3/h,10.0,220.0
S000140,EQ00195,pressure,bar,2.0,10.0
S000141,EQ00146,temperature,C,35.0,85.0
S000142,EQ00213,vibration,mm/s,0.5,7.0
S000143,EQ00030,flow,m3/h,10.0,220.0
S000144,EQ00245,pressure,bar,2.0,10.0
S000145,EQ00097,temperature,C,35.0,85.0
S000146,EQ00305,rpm,rpm,500.0,3200.0
S000147,EQ00228,vibration,mm/s,0.5,7.0
S000148,EQ00235,pressure,bar,2.0,10.0
S000149,EQ00029,temperature,C,35.0,85.0
S000150,EQ00309,power,kW,5.0,150.0
S000151,EQ00254,pressure,bar,2.0,10.0
S000152,EQ00015,flow,m3/h,10.0,220.0
S000153,EQ00133,pressure,bar,2.0,10.0
S000154,EQ00147,vibration,mm/s,0.5,7.0
S000155,EQ00109,temperature,C,35.0,85.0
S000156,EQ00079,vibration,mm/s,0.5,7.0
S000157,EQ00173,pressure,bar,2.0,10.0
S000158,EQ00171,temperature,C,35.0,85.0
S000159,EQ00050,pressure,bar,2.0,10.0
S000160,EQ00126,flow,m3/h,10.0,220.0
S000161,EQ00117,rpm,rpm,500.0,3200.0
S000162,EQ00261,power,kW,5.0,150.0
S000163,EQ00002,flow,m3/h,10.0,220.0
S000164,EQ00201,rpm,rpm,500.0,3200.0
S000165,EQ00058,power,kW,5.0,150.0
S000166,EQ00266,flow,m3/h,10.0,220.0
S000167,EQ00199,temperature,C,35.0,85.0
S000168,EQ00135,rpm,rpm,500.0,3200.0
S000169,EQ00276,vibration,mm/s,0.5,7.0
S000170,EQ00192,rpm,rpm,500.0,3200.0
S000171,EQ00078,flow,m3/h,10.0,220.0
S000172,EQ00292,pressure,bar,2.0,10.0
S000173,EQ00119,temperature,C,35.0,85.0
S000174,EQ00120,pressure,bar,2.0,10.0
S000175,EQ00201,pressure,bar,2.0,10.0
S000176,EQ00282,flow,m3/h,10.0,220.0
S000177,EQ00133,flow,m3/h,10.0,220.0
S000178,EQ00179,power,kW,5.0,150.0
S000179,EQ00287,flow,m3/h,10.0,220.0
S000180,EQ00219,pressure,bar,2.0,10.0
S000181,EQ00148,pressure,bar,2.0,10.0
S000182,EQ00009,flow,m3/h,10.0,220.0
S000183,EQ00259,rpm,rpm,500.0,3200.0
S000184,EQ00138,power,kW,5.0,150.0
S000185,EQ00210,pressure,bar,2.0,10.0
S000186,EQ00117,rpm,rpm,500.0,3200.0
S000187,EQ00188,rpm,rpm,500.0,3200.0
S000188,EQ00073,pressure,bar,2.0,10.0
S000189,EQ00065,temperature,C,35.0,85.0
S000190,EQ00262,temperature,C,35.0,85.0
S000191,EQ00222,temperature,C,35.0,85.0
S000192,EQ00235,pressure,bar,2.0,10.0
S000193,EQ00312,power,kW,5.0,150.0
S000194,EQ00149,rpm,rpm,500.0,3200.0
S000195,EQ00241,vibration,mm/s,0.5,7.0
S000196,EQ00092,rpm,rpm,500.0,3200.0
S000197,EQ00168,power,kW,5.0,150.0
S000198,EQ00019,temperature,C,35.0,85.0
S000199,EQ00224,pressure,bar,2.0,10.0
S000200,EQ00218,vibration,mm/s,0.5,7.0
S000201,EQ00126,flow,m3/h,10.0,220.0
S000202,EQ00130,flow,m3/h,10.0,220.0
S000203,EQ00204,rpm,rpm,500.0,3200.0
S000204,EQ00021,power,kW,5.0,150.0
S000205,EQ00175,pressure,bar,2.0,10.0
S000206,EQ00318,vibration,mm/s,0.5,7.0
S000207,EQ00311,rpm,rpm,500.0,3200.0
S000208,EQ00023,temperature,C,35.0,85.0
S000209,EQ00130,vibration,mm/s,0.5,7.0
S000210,EQ00150,temperature,C,35.0,85.0
S000211,EQ00244,pressure,bar,2.0,10.0
S000212,EQ00184,vibration,mm/s,0.5,7.0
S000213,EQ00148,vibration,mm/s,0.5,7.0
S000214,EQ00303,pressure,bar,2.0,10.0
S000215,EQ00308,flow,m3/h,10.0,220.0
S000216,EQ00049,power,kW,5.0,150.0
S000217,EQ00201,rpm,rpm,500.0,3200.0
S000218,EQ00001,flow,m3/h,10.0,220.0
S000219,EQ00237,flow,m3/h,10.0,220.0
S000220,EQ00029,pressure,bar,2.0,10.0
S000221,EQ00298,flow,m3/h,10.0,220.0
S000222,EQ00018,flow,m3/h,10.0,220.0
S000223,EQ00248,flow,m3/h,10.0,220.0
S000224,EQ00104,pressure,bar,2.0,10.0
S000225,EQ00151,vibration,mm/s,0.5,7.0
S000226,EQ00187,power,kW,5.0,150.0
S000227,EQ00102,flow,m3/h,10.0,220.0
S000228,EQ00283,flow,m3/h,10.0,220.0
S000229,EQ00023,power,kW,5.0,150.0
S000230,EQ00069,temperature,C,35.0,85.0
S000231,EQ00273,pressure,bar,2.0,10.0
S000232,EQ00205,rpm,rpm,500.0,3200.0
S000233,EQ00205,power,kW,5.0,150.0
S000234,EQ00244,pressure,bar,2.0,10.0
S000235,EQ00209,pressure,bar,2.0,10.0
S000236,EQ00011,temperature,C,35.0,85.0
S000237,EQ00257,vibration,mm/s,0.5,7.0
S000238,EQ00017,rpm,rpm,500.0,3200.0
S000239,EQ00023,vibration,mm/s,0.5,7.0
S000240,EQ00112,flow,m3/h,10.0,220.0
S000241,EQ00190,temperature,C,35.0,85.0
S000242,EQ00229,power,kW,5.0,150.0
S000243,EQ00175,pressure,bar,2.0,10.0
S000244,EQ00159,rpm,rpm,500.0,3200.0
S000245,EQ00300,flow,m3/h,10.0,220.0
S000246,EQ00119,power,kW,5.0,150.0
S000247,EQ00081,power,kW,5.0,150.0
S000248,EQ00102,rpm,rpm,500.0,3200.0
S000249,EQ00243,power,kW,5.0,150.0
S000250,EQ00199,vibration,mm/s,0.5,7.0
S000251,EQ00301,pressure,bar,2.0,10.0
S000252,EQ00197,vibration,mm/s,0.5,7.0
S000253,EQ00118,pressure,bar,2.0,10.0
S000254,EQ00304,power,kW,5.0,150.0
S000255,EQ00319,vibration,mm/s,0.5,7.0
S000256,EQ00246,vibration,mm/s,0.5,7.0
S000257,EQ00139,rpm,rpm,500.0,3200.0
S000258,EQ00033,pressure,bar,2.0,10.0
S000259,EQ00146,vibration,mm/s,0.5,7.0
S000260,EQ00224,rpm,rpm,500.0,3200.0
S000261,EQ00149,rpm,rpm,500.0,3200.0
S000262,EQ00314,rpm,rpm,500.0,3200.0
S000263,EQ00074,rpm,rpm,500.0,3200.0
S000264,EQ00171,flow,m3/h,10.0,220.0
S000265,EQ00189,power,kW,5.0,150.0
S000266,EQ00178,vibration,mm/s,0.5,7.0
S000267,EQ00212,flow,m3/h,10.0,220.0
S000268,EQ00197,vibration,mm/s,0.5,7.0
S000269,EQ00176,vibration,mm/s,0.5,7.0
S000270,EQ00264,rpm,rpm,500.0,3200.0
S000271,EQ00224,flow,m3/h,10.0,220.0
S000272,EQ00058,pressure,bar,2.0,10.0
S000273,EQ00170,rpm,rpm,500.0,3200.0
S000274,EQ00087,flow,m3/h,10.0,220.0
S000275,EQ00203,rpm,rpm,500.0,3200.0
S000276,EQ00111,temperature,C,35.0,85.0
S000277,EQ00247,power,kW,5.0,150.0
S000278,EQ00244,vibration,mm/s,0.5,7.0
S000279,EQ00152,flow,m3/h,10.0,220.0
S000280,EQ00205,temperature,C,35.0,85.0
S000281,EQ00263,flow,m3/h,10.0,220.0
S000282,EQ00260,vibration,mm/s,0.5,7.0
S000283,EQ00020,pressure,bar,2.0,10.0
S000284,EQ00128,vibration,mm/s,0.5,7.0
S000285,EQ00229,rpm,rpm,500.0,3200.0
S000286,EQ00148,pressure,bar,2.0,10.0
S000287,EQ00043,rpm,rpm,500.0,3200.0
S000288,EQ00263,temperature,C,35.0,85.0
S000289,EQ00138,pressure,bar,2.0,10.0
S000290,EQ00150,flow,m3/h,10.0,220.0
S000291,EQ00169,flow,m3/h,10.0,220.0
S000292,EQ00070,vibration,mm/s,0.5,7.0
S000293,EQ00154,pressure,bar,2.0,10.0
S000294,EQ00200,pressure,bar,2.0,10.0
S000295,EQ00031,power,kW,5.0,150.0
S000296,EQ00180,power,kW,5.0,150.0
S000297,EQ00105,temperature,C,35.0,85.0
S000298,EQ00295,rpm,rpm,500.0,3200.0
S000299,EQ00202,vibration,mm/s,0.5,7.0
S000300,EQ00036,vibration,mm/s,0.5,7.0
S000301,EQ00001,flow,m3/h,10.0,220.0
S000302,EQ00233,rpm,rpm,500.0,3200.0
S000303,EQ00082,pressure,bar,2.0,10.0
S000304,EQ00108,flow,m3/h,10.0,220.0
S000305,EQ00259,pressure,bar,2.0,10.0
S000306,EQ00020,power,kW,5.0,150.0
S000307,EQ00013,vibration,mm/s,0.5,7.0
S000308,EQ00104,vibration,mm/s,0.5,7.0
S000309,EQ00009,pressure,bar,2.0,10.0
S000310,EQ00195,power,kW,5.0,150.0
S000311,EQ00122,rpm,rpm,500.0,3200.0
S000312,EQ00248,pressure,bar,2.0,10.0
S000313,EQ00049,flow,m3/h,10.0,220.0
S000314,EQ00124,power,kW,5.0,150.0
S000315,EQ00011,temperature,C,35.0,85.0
S000316,EQ00286,rpm,rpm,500.0,3200.0
S000317,EQ00159,power,kW,5.0,150.0
S000318,EQ00057,pressure,bar,2.0,10.0
S000319,EQ00060,pressure,bar,2.0,10.0
S000320,EQ00125,vibration,mm/s,0.5,7.0
S000321,EQ00232,power,kW,5.0,150.0
S000322,EQ00123,power,kW,5.0,150.0
S000323,EQ00048,pressure,bar,2.0,10.0
S000324,EQ00070,vibration,mm/s,0.5,7.0
S000325,EQ00266,pressure,bar,2.0,10.0
S000326,EQ00247,pressure,bar,2.0,10.0
S000327,EQ00048,pressure,bar,2.0,10.0
S000328,EQ00208,vibration,mm/s,0.5,7.0
S000329,EQ00011,power,kW,5.0,150.0
S000330,EQ00055,vibration,mm/s,0.5,7.0
S000331,EQ00056,power,kW,5.0,150.0
S000332,EQ00149,temperature,C,35.0,85.0
S000333,EQ00229,pressure,bar,2.0,10.0
S000334,EQ00163,rpm,rpm,500.0,3200.0
S000335,EQ00223,rpm,rpm,500.0,3200.0
S000336,EQ00030,rpm,rpm,500.0,3200.0
S000337,EQ00126,rpm,rpm,500.0,3200.0
S000338,EQ00308,temperature,C,35.0,85.0
S000339,EQ00234,pressure,bar,2.0,10.0
S000340,EQ00041,power,kW,5.0,150.0
S000341,EQ00135,rpm,rpm,500.0,3200.0
S000342,EQ00215,power,kW,5.0,150.0
S000343,EQ00246,flow,m3/h,10.0,220.0
S000344,EQ00022,vibration,mm/s,0.5,7.0
S000345,EQ00269,temperature,C,35.0,85.0
S000346,EQ00108,temperature,C,35.0,85.0
S000347,EQ00145,power,kW,5.0,150.0
S000348,EQ00021,power,kW,5.0,150.0
S000349,EQ00157,vibration,mm/s,0.5,7.0
S000350,EQ00294,rpm,rpm,500.0,3200.0
S000351,EQ00220,rpm,rpm,500.0,3200.0
S000352,EQ00311,pressure,bar,2.0,10.0
S000353,EQ00163,vibration,mm/s,0.5,7.0
S000354,EQ00011,rpm,rpm,500.0,3200.0
S000355,EQ00126,rpm,rpm,500.0,3200.0
S000356,EQ00060,vibration,mm/s,0.5,7.0
S000357,EQ00101,vibration,mm/s,0.5,7.0
S000358,EQ00116,pressure,bar,2.0,10.0
S000359,EQ00309,power,kW,5.0,150.0
S000360,EQ00002,temperature,C,35.0,85.0
S000361,EQ00098,flow,m3/h,10.0,220.0
S000362,EQ00287,pressure,bar,2.0,10.0
S000363,EQ00087,pressure,bar,2.0,10.0
S000364,EQ00118,temperature,C,35.0,85.0
S000365,EQ00288,flow,m3/h,10.0,220.0
S000366,EQ00112,vibration,mm/s,0.5,7.0
S000367,EQ00059,flow,m3/h,10.0,220.0
S000368,EQ00177,pressure,bar,2.0,10.0
S000369,EQ00245,flow,m3/h,10.0,220.0
S000370,EQ00296,vibration,mm/s,0.5,7.0
S000371,EQ00141,temperature,C,35.0,85.0
S000372,EQ00248,rpm,rpm,500.0,3200.0
S000373,EQ00032,rpm,rpm,500.0,3200.0
S000374,EQ00208,power,kW,5.0,150.0
S000375,EQ00186,temperature,C,35.0,85.0
S000376,EQ00215,flow,m3/h,10.0,220.0
S000377,EQ00231,pressure,bar,2.0,10.0
S000378,EQ00012,flow,m3/h,10.0,220.0
S000379,EQ00086,flow,m3/h,10.0,220.0
S000380,EQ00317,flow,m3/h,10.0,220.0
S000381,EQ00188,rpm,rpm,500.0,3200.0
S000382,EQ00152,rpm,rpm,500.0,3200.0
S000383,EQ00286,power,kW,5.0,150.0
S000384,EQ00178,temperature,C,35.0,85.0
S000385,EQ00136,pressure,bar,2.0,10.0
S000386,EQ00003,rpm,rpm,500.0,3200.0
S000387,EQ00203,rpm,rpm,500.0,3200.0
S000388,EQ00045,power,kW,5.0,150.0
S000389,EQ00167,rpm,rpm,500.0,3200.0
S000390,EQ00203,temperature,C,35.0,85.0
S000391,EQ00083,pressure,bar,2.0,10.0
S000392,EQ00251,power,kW,5.0,150.0
S000393,EQ00144,flow,m3/h,10.0,220.0
S000394,EQ00116,vibration,mm/s,0.5,7.0
S000395,EQ00205,vibration,mm/s,0.5,7.0
S000396,EQ00127,pressure,bar,2.0,10.0
S000397,EQ00048,vibration,mm/s,0.5,7.0
S000398,EQ00201,power,kW,5.0,150.0
S000399,EQ00213,power,kW,5.0,150.0
S000400,EQ00312,rpm,rpm,500.0,3200.0
S000401,EQ00172,flow,m3/h,10.0,220.0
S000402,EQ00147,temperature,C,35.0,85.0
S000403,EQ00214,vibration,mm/s,0.5,7.0
S000404,EQ00017,vibration,mm/s,0.5,7.0
S000405,EQ00046,vibration,mm/s,0.5,7.0
S000406,EQ00044,rpm,rpm,500.0,3200.0
S000407,EQ00028,temperature,C,35.0,85.0
S000408,EQ00085,temperature,C,35.0,85.0
S000409,EQ00230,flow,m3/h,10.0,220.0
S000410,EQ00292,flow,m3/h,10.0,220.0
S000411,EQ00062,vibration,mm/s,0.5,7.0
S000412,EQ00052,vibration,mm/s,0.5,7.0
S000413,EQ00272,power,kW,5.0,150.0
S000414,EQ00076,power,kW,5.0,150.0
S000415,EQ00128,flow,m3/h,10.0,220.0
S000416,EQ00073,pressure,bar,2.0,10.0
S000417,EQ00231,temperature,C,35.0,85.0
S000418,EQ00134,pressure,bar,2.0,10.0
S000419,EQ00049,power,kW,5.0,150.0
S000420,EQ00225,power,kW,5.0,150.0
S000421,EQ00218,power,kW,5.0,150.0
S000422,EQ00063,flow,m3/h,10.0,220.0
S000423,EQ00273,rpm,rpm,500.0,3200.0
S000424,EQ00159,vibration,mm/s,0.5,7.0
S000425,EQ00031,pressure,bar,2.0,10.0
S000426,EQ00164,rpm,rpm,500.0,3200.0
S000427,EQ00116,pressure,bar,2.0,10.0
S000428,EQ00273,pressure,bar,2.0,10.0
S000429,EQ00109,vibration,mm/s,0.5,7.0
S000430,EQ00025,vibration,mm/s,0.5,7.0
S000431,EQ00318,rpm,rpm,500.0,3200.0
S000432,EQ00098,flow,m3/h,10.0,220.0
S000433,EQ00230,rpm,rpm,500.0,3200.0
S000434,EQ00188,vibration,mm/s,0.5,7.0
S000435,EQ00096,temperature,C,35.0,85.0
S000436,EQ00158,temperature,C,35.0,85.0
S000437,EQ00293,pressure,bar,2.0,10.0
S000438,EQ00255,power,kW,5.0,150.0
S000439,EQ00311,flow,m3/h,10.0,220.0
S000440,EQ00316,flow,m3/h,10.0,220.0
S000441,EQ00066,temperature,C,35.0,85.0
S000442,EQ00239,rpm,rpm,500.0,3200.0
S000443,EQ00198,vibration,mm/s,0.5,7.0
S000444,EQ00231,vibration,mm/s,0.5,7.0
S000445,EQ00212,power,kW,5.0,150.0
S000446,EQ00167,temperature,C,35.0,85.0
S000447,EQ00125,pressure,bar,2.0,10.0
S000448,EQ00260,power,kW,5.0,150.0
S000449,EQ00140,vibration,mm/s,0.5,7.0
S000450,EQ00174,power,kW,5.0,150.0
S000451,EQ00112,pressure,bar,2.0,10.0
S000452,EQ00066,rpm,rpm,500.0,3200.0
S000453,EQ00269,vibration,mm/s,0.5,7.0
S000454,EQ00184,temperature,C,35.0,85.0
S000455,EQ00226,power,kW,5.0,150.0
S000456,EQ00145,vibration,mm/s,0.5,7.0
S000457,EQ00168,rpm,rpm,500.0,3200.0
S000458,EQ00077,temperature,C,35.0,85.0
S000459,EQ00216,power,kW,5.0,150.0
S000460,EQ00313,flow,m3/h,10.0,220.0
S000461,EQ00276,temperature,C,35.0,85.0
S000462,EQ00195,vibration,mm/s,0.5,7.0
S000463,EQ00163,flow,m3/h,10.0,220.0
S000464,EQ00258,power,kW,5.0,150.0
S000465,EQ00069,vibration,mm/s,0.5,7.0
S000466,EQ00198,vibration,mm/s,0.5,7.0
S000467,EQ00031,rpm,rpm,500.0,3200.0
S000468,EQ00290,flow,m3/h,10.0,220.0
S000469,EQ00257,pressure,bar,2.0,10.0
S000470,EQ00144,pressure,bar,2.0,10.0
S000471,EQ00116,rpm,rpm,500.0,3200.0
S000472,EQ00071,vibration,mm/s,0.5,7.0
S000473,EQ00085,vibration,mm/s,0.5,7.0
S000474,EQ00192,rpm,rpm,500.0,3200.0
S000475,EQ00283,vibration,mm/s,0.5,7.0
S000476,EQ00246,rpm,rpm,500.0,3200.0
S000477,EQ00041,pressure,bar,2.0,10.0
S000478,EQ00275,flow,m3/h,10.0,220.0
S000479,EQ00052,temperature,C,35.0,85.0
S000480,EQ00115,flow,m3/h,10.0,220.0
S000481,EQ00014,vibration,mm/s,0.5,7.0
S000482,EQ00273,temperature,C,35.0,85.0
S000483,EQ00222,rpm,rpm,500.0,3200.0
S000484,EQ00276,power,kW,5.0,150.0
S000485,EQ00232,flow,m3/h,10.0,220.0
S000486,EQ00236,temperature,C,35.0,85.0
S000487,EQ00293,temperature,C,35.0,85.0
S000488,EQ00129,power,kW,5.0,150.0
S000489,EQ00194,flow,m3/h,10.0,220.0
S000490,EQ00029,pressure,bar,2.0,10.0
S000491,EQ00217,rpm,rpm,500.0,3200.0
S000492,EQ00173,flow,m3/h,10.0,220.0
S000493,EQ00001,flow,m3/h,10.0,220.0
S000494,EQ00251,power,kW,5.0,150.0
S000495,EQ00050,rpm,rpm,500.0,3200.0
S000496,EQ00142,power,kW,5.0,150.0
S000497,EQ00281,rpm,rpm,500.0,3200.0
S000498,EQ00191,power,kW,5.0,150.0
S000499,EQ00067,power,kW,5.0,150.0
S000500,EQ00105,pressure,bar,2.0,10.0
S000501,EQ00245,power,kW,5.0,150.0
S000502,EQ00162,rpm,rpm,500.0,3200.0
S000503,EQ00172,flow,m3/h,10.0,220.0
S000504,EQ00314,power,kW,5.0,150.0
S000505,EQ00001,temperature,C,35.0,85.0
S000506,EQ00041,power,kW,5.0,150.0
S000507,EQ00107,vibration,mm/s,0.5,7.0
S000508,EQ00113,temperature,C,35.0,85.0
S000509,EQ00228,temperature,C,35.0,85.0
S000510,EQ00048,power,kW,5.0,150.0
S000511,EQ00017,flow,m3/h,10.0,220.0
S000512,EQ00071,power,kW,5.0,150.0
S000513,EQ00306,pressure,bar,2.0,10.0
S000514,EQ00210,temperature,C,35.0,85.0
S000515,EQ00181,rpm,rpm,500.0,3200.0
S000516,EQ00308,temperature,C,35.0,85.0
S000517,EQ00114,flow,m3/h,10.0,220.0
S000518,EQ00220,rpm,rpm,500.0,3200.0
S000519,EQ00050,flow,m3/h,10.0,220.0
S000520,EQ00061,vibration,mm/s,0.5,7.0
S000521,EQ00057,temperature,C,35.0,85.0
S000522,EQ00186,vibration,mm/s,0.5,7.0
S000523,EQ00105,rpm,rpm,500.0,3200.0
S000524,EQ00132,vibration,mm/s,0.5,7.0
S000525,EQ00093,flow,m3/h,10.0,220.0
S000526,EQ00136,temperature,C,35.0,85.0
S000527,EQ00227,temperature,C,35.0,85.0
S000528,EQ00240,vibration,mm/s,0.5,7.0
S000529,EQ00208,rpm,rpm,500.0,3200.0
S000530,EQ00282,power,kW,5.0,150.0
S000531,EQ00282,pressure,bar,2.0,10.0
S000532,EQ00138,power,kW,5.0,150.0
S000533,EQ00149,power,kW,5.0,150.0
S000534,EQ00139,power,kW,5.0,150.0
S000535,EQ00172,power,kW,5.0,150.0
S000536,EQ00056,temperature,C,35.0,85.0
S000537,EQ00127,vibration,mm/s,0.5,7.0
S000538,EQ00106,power,kW,5.0,150.0
S000539,EQ00185,temperature,C,35.0,85.0
S000540,EQ00032,pressure,bar,2.0,10.0
S000541,EQ00185,temperature,C,35.0,85.0
S000542,EQ00012,rpm,rpm,500.0,3200.0
S000543,EQ00313,temperature,C,35.0,85.0
S000544,EQ00062,temperature,C,35.0,85.0
S000545,EQ00284,power,kW,5.0,150.0
S000546,EQ00037,vibration,mm/s,0.5,7.0
S000547,EQ00291,pressure,bar,2.0,10.0
S000548,EQ00050,vibration,mm/s,0.5,7.0
S000549,EQ00065,vibration,mm/s,0.5,7.0
S000550,EQ00052,rpm,rpm,500.0,3200.0
S000551,EQ00020,rpm,rpm,500.0,3200.0
S000552,EQ00249,vibration,mm/s,0.5,7.0
S000553,EQ00115,rpm,rpm,500.0,3200.0
S000554,EQ00224,rpm,rpm,500.0,3200.0
S000555,EQ00226,power,kW,5.0,150.0
S000556,EQ00264,power,kW,5.0,150.0
S000557,EQ00245,flow,m3/h,10.0,220.0
S000558,EQ00199,pressure,bar,2.0,10.0
S000559,EQ00213,pressure,bar,2.0,10.0
S000560,EQ00028,power,kW,5.0,150.0
S000561,EQ00019,flow,m3/h,10.0,220.0
S000562,EQ00277,rpm,rpm,500.0,3200.0
S000563,EQ00151,temperature,C,35.0,85.0
S000564,EQ00090,pressure,bar,2.0,10.0
S000565,EQ00056,rpm,rpm,500.0,3200.0
S000566,EQ00292,vibration,mm/s,0.5,7.0
S000567,EQ00115,flow,m3/h,10.0,220.0
S000568,EQ00196,rpm,rpm,500.0,3200.0
S000569,EQ00257,flow,m3/h,10.0,220.0
S000570,EQ00196,temperature,C,35.0,85.0
S000571,EQ00050,power,kW,5.0,150.0
S000572,EQ00298,power,kW,5.0,150.0
S000573,EQ00319,power,kW,5.0,150.0
S000574,EQ00271,flow,m3/h,10.0,220.0
S000575,EQ00299,pressure,bar,2.0,10.0
S000576,EQ00182,power,kW,5.0,150.0
S000577,EQ00300,rpm,rpm,500.0,3200.0
S000578,EQ00296,rpm,rpm,500.0,3200.0
S000579,EQ00013,rpm,rpm,500.0,3200.0
S000580,EQ00219,pressure,bar,2.0,10.0
S000581,EQ00216,flow,m3/h,10.0,220.0
S000582,EQ00072,temperature,C,35.0,85.0
S000583,EQ00307,pressure,bar,2.0,10.0
S000584,EQ00152,power,kW,5.0,150.0
S000585,EQ00208,temperature,C,35.0,85.0
S000586,EQ00177,pressure,bar,2.0,10.0
S000587,EQ00057,power,kW,5.0,150.0
S000588,EQ00093,power,kW,5.0,150.0
S000589,EQ00295,temperature,C,35.0,85.0
S000590,EQ00152,vibration,mm/s,0.5,7.0
S000591,EQ00056,vibration,mm/s,0.5,7.0
S000592,EQ00006,power,kW,5.0,150.0
S000593,EQ00034,vibration,mm/s,0.5,7.0
S000594,EQ00125,power,kW,5.0,150.0
S000595,EQ00057,rpm,rpm,500.0,3200.0
S000596,EQ00307,rpm,rpm,500.0,3200.0
S000597,EQ00182,vibration,mm/s,0.5,7.0
S000598,EQ00318,flow,m3/h,10.0,220.0
S000599,EQ00274,temperature,C,35.0,85.0
S000600,EQ00002,temperature,C,35.0,85.0
S000601,EQ00311,temperature,C,35.0,85.0
S000602,EQ00256,vibration,mm/s,0.5,7.0
S000603,EQ00159,flow,m3/h,10.0,220.0
S000604,EQ00266,vibration,mm/s,0.5,7.0
S000605,EQ00201,rpm,rpm,500.0,3200.0
S000606,EQ00054,pressure,bar,2.0,10.0
S000607,EQ00105,temperature,C,35.0,85.0
S000608,EQ00314,pressure,bar,2.0,10.0
S000609,EQ00311,temperature,C,35.0,85.0
S000610,EQ00041,pressure,bar,2.0,10.0
S000611,EQ00281,power,kW,5.0,150.0
S000612,EQ00065,power,kW,5.0,150.0
S000613,EQ00044,vibration,mm/s,0.5,7.0
S000614,EQ00059,rpm,rpm,500.0,3200.0
S000615,EQ00171,power,kW,5.0,150.0
S000616,EQ00091,vibration,mm/s,0.5,7.0
S000617,EQ00315,pressure,bar,2.0,10.0
S000618,EQ00280,temperature,C,35.0,85.0
S000619,EQ00129,flow,m3/h,10.0,220.0
S000620,EQ00065,rpm,rpm,500.0,3200.0
S000621,EQ00035,vibration,mm/s,0.5,7.0
S000622,EQ00008,rpm,rpm,500.0,3200.0
S000623,EQ00144,rpm,rpm,500.0,3200.0
S000624,EQ00240,power,kW,5.0,150.0
S000625,EQ00010,temperature,C,35.0,85.0
S000626,EQ00225,flow,m3/h,10.0,220.0
S000627,EQ00067,flow,m3/h,10.0,220.0
S000628,EQ00221,flow,m3/h,10.0,220.0
S000629,EQ00120,flow,m3/h,10.0,220.0
S000630,EQ00044,flow,m3/h,10.0,220.0
S000631,EQ00145,rpm,rpm,500.0,3200.0
S000632,EQ00053,temperature,C,35.0,85.0
S000633,EQ00035,pressure,bar,2.0,10.0
S000634,EQ00020,vibration,mm/s,0.5,7.0
S000635,EQ00100,vibration,mm/s,0.5,7.0
S000636,EQ00227,rpm,rpm,500.0,3200.0
S000637,EQ00034,rpm,rpm,500.0,3200.0
S000638,EQ00069,power,kW,5.0,150.0
S000639,EQ00298,rpm,rpm,500.0,3200.0
S000640,EQ00300,temperature,C,35.0,85.0
S000641,EQ00175,vibration,mm/s,0.5,7.0
S000642,EQ00255,flow,m3/h,10.0,220.0
S000643,EQ00148,pressure,bar,2.0,10.0
S000644,EQ00158,power,kW,5.0,150.0
S000645,EQ00033,pressure,bar,2.0,10.0
S000646,EQ00294,vibration,mm/s,0.5,7.0
S000647,EQ00054,rpm,rpm,500.0,3200.0
S000648,EQ00159,rpm,rpm,500.0,3200.0
S000649,EQ00300,rpm,rpm,500.0,3200.0
S000650,EQ00003,pressure,bar,2.0,10.0
S000651,EQ00300,power,kW,5.0,150.0
S000652,EQ00091,flow,m3/h,10.0,220.0
S000653,EQ00087,power,kW,5.0,150.0
S000654,EQ00104,pressure,bar,2.0,10.0
S000655,EQ00044,vibration,mm/s,0.5,7.0
S000656,EQ00243,power,kW,5.0,150.0
S000657,EQ00067,pressure,bar,2.0,10.0
S000658,EQ00037,power,kW,5.0,150.0
S000659,EQ00240,temperature,C,35.0,85.0
S000660,EQ00262,vibration,mm/s,0.5,7.0
S000661,EQ00055,rpm,rpm,500.0,3200.0
S000662,EQ00204,pressure,bar,2.0,10.0
S000663,EQ00181,pressure,bar,2.0,10.0
S000664,EQ00141,power,kW,5.0,150.0
S000665,EQ00148,pressure,bar,2.0,10.0
S000666,EQ00269,rpm,rpm,500.0,3200.0
S000667,EQ00064,vibration,mm/s,0.5,7.0
S000668,EQ00255,rpm,rpm,500.0,3200.0
S000669,EQ00194,vibration,mm/s,0.5,7.0
S000670,EQ00099,pressure,bar,2.0,10.0
S000671,EQ00198,power,kW,5.0,150.0
S000672,EQ00181,flow,m3/h,10.0,220.0
S000673,EQ00318,vibration,mm/s,0.5,7.0
S000674,EQ00030,power,kW,5.0,150.0
S000675,EQ00189,temperature,C,35.0,85.0
S000676,EQ00062,temperature,C,35.0,85.0
S000677,EQ00209,rpm,rpm,500.0,3200.0
S000678,EQ00282,rpm,rpm,500.0,3200.0
S000679,EQ00136,pressure,bar,2.0,10.0
S000680,EQ00061,power,kW,5.0,150.0
S000681,EQ00299,pressure,bar,2.0,10.0
S000682,EQ00101,vibration,mm/s,0.5,7.0
S000683,EQ00021,pressure,bar,2.0,10.0
S000684,EQ00134,vibration,mm/s,0.5,7.0
S000685,EQ00310,rpm,rpm,500.0,3200.0
S000686,EQ00026,pressure,bar,2.0,10.0
S000687,EQ00073,vibration,mm/s,0.5,7.0
S000688,EQ00146,power,kW,5.0,150.0
S000689,EQ00313,rpm,rpm,500.0,3200.0
S000690,EQ00104,vibration,mm/s,0.5,7.0
S000691,EQ00268,flow,m3/h,10.0,220.0
S000692,EQ00282,pressure,bar,2.0,10.0
S000693,EQ00068,power,kW,5.0,150.0
S000694,EQ00296,flow,m3/h,10.0,220.0
S000695,EQ00156,pressure,bar,2.0,10.0
S000696,EQ00118,vibration,mm/s,0.5,7.0
S000697,EQ00216,rpm,rpm,500.0,3200.0
S000698,EQ00236,temperature,C,35.0,85.0
S000699,EQ00187,pressure,bar,2.0,10.0
S000700,EQ00318,flow,m3/h,10.0,220.0
S000701,EQ00106,pressure,bar,2.0,10.0
S000702,EQ00120,rpm,rpm,500.0,3200.0
S000703,EQ00107,power,kW,5.0,150.0
S000704,EQ00173,vibration,mm/s,0.5,7.0
S000705,EQ00153,vibration,mm/s,0.5,7.0
S000706,EQ00006,power,kW,5.0,150.0
S000707,EQ00019,temperature,C,35.0,85.0
S000708,EQ00319,pressure,bar,2.0,10.0
S000709,EQ00122,pressure,bar,2.0,10.0
S000710,EQ00092,flow,m3/h,10.0,220.0
S000711,EQ00233,temperature,C,35.0,85.0
S000712,EQ00257,flow,m3/h,10.0,220.0
S000713,EQ00295,pressure,bar,2.0,10.0
S000714,EQ00174,power,kW,5.0,150.0
S000715,EQ00127,power,kW,5.0,150.0
S000716,EQ00091,vibration,mm/s,0.5,7.0
S000717,EQ00219,flow,m3/h,10.0,220.0
S000718,EQ00256,vibration,mm/s,0.5,7.0
S000719,EQ00193,temperature,C,35.0,85.0
S000720,EQ00041,rpm,rpm,500.0,3200.0
S000721,EQ00068,power,kW,5.0,150.0
S000722,EQ00263,flow,m3/h,10.0,220.0
S000723,EQ00194,pressure,bar,2.0,10.0
S000724,EQ00077,temperature,C,35.0,85.0
S000725,EQ00299,temperature,C,35.0,85.0
S000726,EQ00064,pressure,bar,2.0,10.0
S000727,EQ00239,vibration,mm/s,0.5,7.0
S000728,EQ00137,flow,m3/h,10.0,220.0
S000729,EQ00070,temperature,C,35.0,85.0
S000730,EQ00025,flow,m3/h,10.0,220.0
S000731,EQ00151,vibration,mm/s,0.5,7.0
S000732,EQ00213,temperature,C,35.0,85.0
S000733,EQ00253,vibration,mm/s,0.5,7.0
S000734,EQ00292,temperature,C,35.0,85.0
S000735,EQ00079,pressure,bar,2.0,10.0
S000736,EQ00292,vibration,mm/s,0.5,7.0
S000737,EQ00038,power,kW,5.0,150.0
S000738,EQ00129,power,kW,5.0,150.0
S000739,EQ00175,temperature,C,35.0,85.0
S000740,EQ00261,temperature,C,35.0,85.0
S000741,EQ00112,temperature,C,35.0,85.0
S000742,EQ00080,vibration,mm/s,0.5,7.0
S000743,EQ00111,temperature,C,35.0,85.0
S000744,EQ00097,vibration,mm/s,0.5,7.0
S000745,EQ00236,power,kW,5.0,150.0
S000746,EQ00177,vibration,mm/s,0.5,7.0
S000747,EQ00124,vibration,mm/s,0.5,7.0
S000748,EQ00264,pressure,bar,2.0,10.0
S000749,EQ00169,power,kW,5.0,150.0
S000750,EQ00280,vibration,mm/s,0.5,7.0
S000751,EQ00311,vibration,mm/s,0.5,7.0
S000752,EQ00032,pressure,bar,2.0,10.0
S000753,EQ00309,temperature,C,35.0,85.0
S000754,EQ00093,pressure,bar,2.0,10.0
S000755,EQ00155,flow,m3/h,10.0,220.0
S000756,EQ00148,pressure,bar,2.0,10.0
S000757,EQ00124,temperature,C,35.0,85.0
S000758,EQ00256,rpm,rpm,500.0,3200.0
S000759,EQ00226,temperature,C,35.0,85.0
S000760,EQ00170,vibration,mm/s,0.5,7.0
S000761,EQ00171,temperature,C,35.0,85.0
S000762,EQ00192,flow,m3/h,10.0,220.0
S000763,EQ00042,flow,m3/h,10.0,220.0
S000764,EQ00317,power,kW,5.0,150.0
S000765,EQ00091,power,kW,5.0,150.0
S000766,EQ00111,power,kW,5.0,150.0
S000767,EQ00035,power,kW,5.0,150.0
S000768,EQ00090,power,kW,5.0,150.0
S000769,EQ00015,flow,m3/h,10.0,220.0
S000770,EQ00286,rpm,rpm,500.0,3200.0
S000771,EQ00271,temperature,C,35.0,85.0
S000772,EQ00166,pressure,bar,2.0,10.0
S000773,EQ00260,flow,m3/h,10.0,220.0
S000774,EQ00293,pressure,bar,2.0,10.0
S000775,EQ00300,vibration,mm/s,0.5,7.0
S000776,EQ00083,flow,m3/h,10.0,220.0
S000777,EQ00242,power,kW,5.0,150.0
S000778,EQ00116,power,kW,5.0,150.0
S000779,EQ00289,pressure,bar,2.0,10.0
S000780,EQ00092,temperature,C,35.0,85.0
S000781,EQ00092,pressure,bar,2.0,10.0
S000782,EQ00066,pressure,bar,2.0,10.0
S000783,EQ00099,flow,m3/h,10.0,220.0
S000784,EQ00311,vibration,mm/s,0.5,7.0
S000785,EQ00143,temperature,C,35.0,85.0
S000786,EQ00238,pressure,bar,2.0,10.0
S000787,EQ00281,flow,m3/h,10.0,220.0
S000788,EQ00315,pressure,bar,2.0,10.0
S000789,EQ00039,pressure,bar,2.0,10.0
S000790,EQ00084,rpm,rpm,500.0,3200.0
S000791,EQ00203,power,kW,5.0,150.0
S000792,EQ00226,vibration,mm/s,0.5,7.0
S000793,EQ00131,flow,m3/h,10.0,220.0
S000794,EQ00257,power,kW,5.0,150.0
S000795,EQ00186,temperature,C,35.0,85.0
S000796,EQ00272,pressure,bar,2.0,10.0
S000797,EQ00078,flow,m3/h,10.0,220.0
S000798,EQ00182,pressure,bar,2.0,10.0
S000799,EQ00004,power,kW,5.0,150.0
S000800,EQ00210,power,kW,5.0,150.0
S000801,EQ00131,rpm,rpm,500.0,3200.0
S000802,EQ00064,flow,m3/h,10.0,220.0
S000803,EQ00163,temperature,C,35.0,85.0
S000804,EQ00013,power,kW,5.0,150.0
S000805,EQ00106,power,kW,5.0,150.0
S000806,EQ00062,temperature,C,35.0,85.0
S000807,EQ00092,rpm,rpm,500.0,3200.0
S000808,EQ00188,temperature,C,35.0,85.0
S000809,EQ00296,pressure,bar,2.0,10.0
S000810,EQ00192,vibration,mm/s,0.5,7.0
S000811,EQ00028,temperature,C,35.0,85.0
S000812,EQ00320,rpm,rpm,500.0,3200.0
S000813,EQ00087,vibration,mm/s,0.5,7.0
S000814,EQ00117,vibration,mm/s,0.5,7.0
S000815,EQ00241,flow,m3/h,10.0,220.0
S000816,EQ00064,flow,m3/h,10.0,220.0
S000817,EQ00034,temperature,C,35.0,85.0
S000818,EQ00318,vibration,mm/s,0.5,7.0
S000819,EQ00051,rpm,rpm,500.0,3200.0
S000820,EQ00128,rpm,rpm,500.0,3200.0
S000821,EQ00103,flow,m3/h,10.0,220.0
S000822,EQ00145,power,kW,5.0,150.0
S000823,EQ00207,temperature,C,35.0,85.0
S000824,EQ00217,flow,m3/h,10.0,220.0
S000825,EQ00299,temperature,C,35.0,85.0
S000826,EQ00125,temperature,C,35.0,85.0
S000827,EQ00007,rpm,rpm,500.0,3200.0
S000828,EQ00088,power,kW,5.0,150.0
S000829,EQ00290,temperature,C,35.0,85.0
S000830,EQ00072,vibration,mm/s,0.5,7.0
S000831,EQ00187,power,kW,5.0,150.0
S000832,EQ00238,vibration,mm/s,0.5,7.0
S000833,EQ00298,rpm,rpm,500.0,3200.0
S000834,EQ00186,pressure,bar,2.0,10.0
S000835,EQ00200,power,kW,5.0,150.0
S000836,EQ00257,pressure,bar,2.0,10.0
S000837,EQ00081,pressure,bar,2.0,10.0
S000838,EQ00134,pressure,bar,2.0,10.0
S000839,EQ00075,rpm,rpm,500.0,3200.0
S000840,EQ00275,power,kW,5.0,150.0
S000841,EQ00278,power,kW,5.0,150.0
S000842,EQ00158,power,kW,5.0,150.0
S000843,EQ00057,vibration,mm/s,0.5,7.0
S000844,EQ00174,flow,m3/h,10.0,220.0
S000845,EQ00034,power,kW,5.0,150.0
S000846,EQ00252,rpm,rpm,500.0,3200.0
S000847,EQ00079,flow,m3/h,10.0,220.0
S000848,EQ00009,flow,m3/h,10.0,220.0
S000849,EQ00168,rpm,rpm,500.0,3200.0
S000850,EQ00051,rpm,rpm,500.0,3200.0
S000851,EQ00064,pressure,bar,2.0,10.0
S000852,EQ00268,rpm,rpm,500.0,3200.0
S000853,EQ00203,vibration,mm/s,0.5,7.0
S000854,EQ00100,rpm,rpm,500.0,3200.0
S000855,EQ00284,temperature,C,35.0,85.0
S000856,EQ00153,flow,m3/h,10.0,220.0
S000857,EQ00017,vibration,mm/s,0.5,7.0
S000858,EQ00232,power,kW,5.0,150.0
S000859,EQ00076,temperature,C,35.0,85.0
S000860,EQ00196,temperature,C,35.0,85.0
S000861,EQ00192,flow,m3/h,10.0,220.0
S000862,EQ00248,flow,m3/h,10.0,220.0
S000863,EQ00214,vibration,mm/s,0.5,7.0
S000864,EQ00265,temperature,C,35.0,85.0
S000865,EQ00146,rpm,rpm,500.0,3200.0
S000866,EQ00164,flow,m3/h,10.0,220.0
S000867,EQ00161,vibration,mm/s,0.5,7.0
S000868,EQ00086,power,kW,5.0,150.0
S000869,EQ00227,vibration,mm/s,0.5,7.0
S000870,EQ00164,rpm,rpm,500.0,3200.0
S000871,EQ00090,pressure,bar,2.0,10.0
S000872,EQ00131,temperature,C,35.0,85.0
S000873,EQ00265,vibration,mm/s,0.5,7.0
S000874,EQ00279,power,kW,5.0,150.0
S000875,EQ00040,rpm,rpm,500.0,3200.0
S000876,EQ00060,temperature,C,35.0,85.0
S000877,EQ00228,flow,m3/h,10.0,220.0
S000878,EQ00104,power,kW,5.0,150.0
S000879,EQ00160,flow,m3/h,10.0,220.0
S000880,EQ00097,flow,m3/h,10.0,220.0
S000881,EQ00180,temperature,C,35.0,85.0
S000882,EQ00313,temperature,C,35.0,85.0
S000883,EQ00257,rpm,rpm,500.0,3200.0
S000884,EQ00119,vibration,mm/s,0.5,7.0
S000885,EQ00202,temperature,C,35.0,85.0
S000886,EQ00157,pressure,bar,2.0,10.0
S000887,EQ00172,flow,m3/h,10.0,220.0
S000888,EQ00189,rpm,rpm,500.0,3200.0
S000889,EQ00004,power,kW,5.0,150.0
S000890,EQ00253,vibration,mm/s,0.5,7.0
S000891,EQ00169,pressure,bar,2.0,10.0
S000892,EQ00031,rpm,rpm,500.0,3200.0
S000893,EQ00168,temperature,C,35.0,85.0
S000894,EQ00103,power,kW,5.0,150.0
S000895,EQ00129,temperature,C,35.0,85.0
S000896,EQ00086,vibration,mm/s,0.5,7.0
S000897,EQ00062,vibration,mm/s,0.5,7.0
S000898,EQ00214,rpm,rpm,500.0,3200.0
S000899,EQ00258,flow,m3/h,10.0,220.0
S000900,EQ00300,temperature,C,35.0,85.0
S000901,EQ00007,rpm,rpm,500.0,3200.0
S000902,EQ00084,power,kW,5.0,150.0
S000903,EQ00167,flow,m3/h,10.0,220.0
S000904,EQ00042,flow,m3/h,10.0,220.0
S000905,EQ00128,temperature,C,35.0,85.0
S000906,EQ00130,rpm,rpm,500.0,3200.0
S000907,EQ00215,power,kW,5.0,150.0
S000908,EQ00156,temperature,C,35.0,85.0
S000909,EQ00090,vibration,mm/s,0.5,7.0
S000910,EQ00216,flow,m3/h,10.0,220.0
S000911,EQ00032,power,kW,5.0,150.0
S000912,EQ00041,pressure,bar,2.0,10.0
S000913,EQ00296,vibration,mm/s,0.5,7.0
S000914,EQ00226,flow,m3/h,10.0,220.0
S000915,EQ00169,vibration,mm/s,0.5,7.0
S000916,EQ00166,temperature,C,35.0,85.0
S000917,EQ00170,power,kW,5.0,150.0
S000918,EQ00020,flow,m3/h,10.0,220.0
S000919,EQ00065,vibration,mm/s,0.5,7.0
S000920,EQ00111,vibration,mm/s,0.5,7.0
S000921,EQ00171,pressure,bar,2.0,10.0
S000922,EQ00276,vibration,mm/s,0.5,7.0
S000923,EQ00145,power,kW,5.0,150.0
S000924,EQ00289,vibration,mm/s,0.5,7.0
S000925,EQ00095,temperature,C,35.0,85.0
S000926,EQ00043,vibration,mm/s,0.5,7.0
S000927,EQ00061,flow,m3/h,10.0,220.0
S000928,EQ00139,flow,m3/h,10.0,220.0
S000929,EQ00005,power,kW,5.0,150.0
S000930,EQ00013,pressure,bar,2.0,10.0
S000931,EQ00209,rpm,rpm,500.0,3200.0
S000932,EQ00287,vibration,mm/s,0.5,7.0
S000933,EQ00298,power,kW,5.0,150.0
S000934,EQ00038,rpm,rpm,500.0,3200.0
S000935,EQ00308,rpm,rpm,500.0,3200.0
S000936,EQ00282,vibration,mm/s,0.5,7.0
S000937,EQ00183,rpm,rpm,500.0,3200.0
S000938,EQ00136,power,kW,5.0,150.0
S000939,EQ00147,flow,m3/h,10.0,220.0
S000940,EQ00289,vibration,mm/s,0.5,7.0
S000941,EQ00136,power,kW,5.0,150.0
S000942,EQ00271,rpm,rpm,500.0,3200.0
S000943,EQ00241,vibration,mm/s,0.5,7.0
S000944,EQ00124,rpm,rpm,500.0,3200.0
S000945,EQ00245,temperature,C,35.0,85.0
S000946,EQ00230,rpm,rpm,500.0,3200.0
S000947,EQ00239,power,kW,5.0,150.0
S000948,EQ00147,vibration,mm/s,0.5,7.0
S000949,EQ00112,temperature,C,35.0,85.0
S000950,EQ00308,rpm,rpm,500.0,3200.0
S000951,EQ00192,vibration,mm/s,0.5,7.0
S000952,EQ00212,pressure,bar,2.0,10.0
S000953,EQ00066,temperature,C,35.0,85.0
S000954,EQ00052,flow,m3/h,10.0,220.0
S000955,EQ00175,power,kW,5.0,150.0
S000956,EQ00054,flow,m3/h,10.0,220.0
S000957,EQ00255,temperature,C,35.0,85.0
S000958,EQ00302,vibration,mm/s,0.5,7.0
S000959,EQ00277,power,kW,5.0,150.0
S000960,EQ00134,power,kW,5.0,150.0
S000961,EQ00287,rpm,rpm,500.0,3200.0
S000962,EQ00263,flow,m3/h,10.0,220.0
S000963,EQ00129,rpm,rpm,500.0,3200.0
S000964,EQ00133,temperature,C,35.0,85.0
S000965,EQ00093,vibration,mm/s,0.5,7.0
S000966,EQ00206,flow,m3/h,10.0,220.0
S000967,EQ00308,power,kW,5.0,150.0
S000968,EQ00022,flow,m3/h,10.0,220.0
S000969,EQ00129,power,kW,5.0,150.0
S000970,EQ00209,temperature,C,35.0,85.0
S000971,EQ00080,pressure,bar,2.0,10.0
S000972,EQ00142,rpm,rpm,500.0,3200.0
S000973,EQ00012,power,kW,5.0,150.0
S000974,EQ00266,temperature,C,35.0,85.0
S000975,EQ00182,vibration,mm/s,0.5,7.0
S000976,EQ00057,flow,m3/h,10.0,220.0
S000977,EQ00041,flow,m3/h,10.0,220.0
S000978,EQ00148,rpm,rpm,500.0,3200.0
S000979,EQ00201,temperature,C,35.0,85.0
S000980,EQ00303,power,kW,5.0,150.0
S000981,EQ00258,rpm,rpm,500.0,3200.0
S000982,EQ00170,power,kW,5.0,150.0
S000983,EQ00198,power,kW,5.0,150.0
S000984,EQ00046,pressure,bar,2.0,10.0
S000985,EQ00240,vibration,mm/s,0.5,7.0
S000986,EQ00172,vibration,mm/s,0.5,7.0
S000987,EQ00264,rpm,rpm,500.0,3200.0
S000988,EQ00211,temperature,C,35.0,85.0
S000989,EQ00027,temperature,C,35.0,85.0
S000990,EQ00152,pressure,bar,2.0,10.0
S000991,EQ00151,rpm,rpm,500.0,3200.0
S000992,EQ00120,power,kW,5.0,150.0
S000993,EQ00145,power,kW,5.0,150.0
S000994,EQ00270,power,kW,5.0,150.0
S000995,EQ00049,temperature,C,35.0,85.0
S000996,EQ00069,vibration,mm/s,0.5,7.0
S000997,EQ00140,temperature,C,35.0,85.0
S000998,EQ00007,rpm,rpm,500.0,3200.0
S000999,EQ00242,rpm,rpm,500.0,3200.0
S001000,EQ00094,vibration,mm/s,0.5,7.0
S001001,EQ00304,vibration,mm/s,0.5,7.0
S001002,EQ00015,vibration,mm/s,0.5,7.0
S001003,EQ00309,flow,m3/h,10.0,220.0
S001004,EQ00240,pressure,bar,2.0,10.0
S001005,EQ00238,rpm,rpm,500.0,3200.0
S001006,EQ00064,pressure,bar,2.0,10.0
S001007,EQ00166,rpm,rpm,500.0,3200.0
S001008,EQ00057,power,kW,5.0,150.0
S001009,EQ00048,vibration,mm/s,0.5,7.0
S001010,EQ00079,flow,m3/h,10.0,220.0
S001011,EQ00200,rpm,rpm,500.0,3200.0
S001012,EQ00196,rpm,rpm,500.0,3200.0
S001013,EQ00300,flow,m3/h,10.0,220.0
S001014,EQ00118,vibration,mm/s,0.5,7.0
S001015,EQ00014,temperature,C,35.0,85.0
S001016,EQ00087,power,kW,5.0,150.0
S001017,EQ00031,vibration,mm/s,0.5,7.0
S001018,EQ00264,pressure,bar,2.0,10.0
S001019,EQ00017,vibration,mm/s,0.5,7.0
S001020,EQ00009,pressure,bar,2.0,10.0
S001021,EQ00239,pressure,bar,2.0,10.0
S001022,EQ00313,pressure,bar,2.0,10.0
S001023,EQ00160,rpm,rpm,500.0,3200.0
S001024,EQ00300,power,kW,5.0,150.0
S001025,EQ00154,pressure,bar,2.0,10.0
S001026,EQ00110,temperature,C,35.0,85.0
S001027,EQ00146,power,kW,5.0,150.0
S001028,EQ00037,vibration,mm/s,0.5,7.0
S001029,EQ00279,vibration,mm/s,0.5,7.0
S001030,EQ00242,pressure,bar,2.0,10.0
S001031,EQ00008,temperature,C,35.0,85.0
S001032,EQ00309,pressure,bar,2.0,10.0
S001033,EQ00264,vibration,mm/s,0.5,7.0
S001034,EQ00023,flow,m3/h,10.0,220.0
S001035,EQ00179,flow,m3/h,10.0,220.0
S001036,EQ00201,temperature,C,35.0,85.0
S001037,EQ00237,power,kW,5.0,150.0
S001038,EQ00010,power,kW,5.0,150.0
S001039,EQ00173,pressure,bar,2.0,10.0
S001040,EQ00269,pressure,bar,2.0,10.0
S001041,EQ00267,rpm,rpm,500.0,3200.0
S001042,EQ00118,pressure,bar,2.0,10.0
S001043,EQ00094,temperature,C,35.0,85.0
S001044,EQ00259,pressure,bar,2.0,10.0
S001045,EQ00284,vibration,mm/s,0.5,7.0
S001046,EQ00167,pressure,bar,2.0,10.0
S001047,EQ00274,vibration,mm/s,0.5,7.0
S001048,EQ00239,temperature,C,35.0,85.0
S001049,EQ00047,flow,m3/h,10.0,220.0
S001050,EQ00290,temperature,C,35.0,85.0
S001051,EQ00209,rpm,rpm,500.0,3200.0
S001052,EQ00211,rpm,rpm,500.0,3200.0
S001053,EQ00303,power,kW,5.0,150.0
S001054,EQ00254,flow,m3/h,10.0,220.0
S001055,EQ00265,temperature,C,35.0,85.0
S001056,EQ00121,vibration,mm/s,0.5,7.0
S001057,EQ00126,vibration,mm/s,0.5,7.0
S001058,EQ00136,power,kW,5.0,150.0
S001059,EQ00037,power,kW,5.0,150.0
S001060,EQ00163,flow,m3/h,10.0,220.0
S001061,EQ00237,pressure,bar,2.0,10.0
S001062,EQ00156,vibration,mm/s,0.5,7.0
S001063,EQ00110,flow,m3/h,10.0,220.0
S001064,EQ00185,rpm,rpm,500.0,3200.0
S001065,EQ00318,rpm,rpm,500.0,3200.0
S001066,EQ00103,pressure,bar,2.0,10.0
S001067,EQ00211,pressure,bar,2.0,10.0
S001068,EQ00117,pressure,bar,2.0,10.0
S001069,EQ00198,rpm,rpm,500.0,3200.0
S001070,EQ00141,vibration,mm/s,0.5,7.0
S001071,EQ00254,flow,m3/h,10.0,220.0
S001072,EQ00014,vibration,mm/s,0.5,7.0
S001073,EQ00140,pressure,bar,2.0,10.0
S001074,EQ00277,vibration,mm/s,0.5,7.0
S001075,EQ00262,power,kW,5.0,150.0
S001076,EQ00297,rpm,rpm,500.0,3200.0
S001077,EQ00304,flow,m3/h,10.0,220.0
S001078,EQ00062,rpm,rpm,500.0,3200.0
S001079,EQ00279,vibration,mm/s,0.5,7.0
S001080,EQ00025,vibration,mm/s,0.5,7.0
S001081,EQ00278,flow,m3/h,10.0,220.0
S001082,EQ00233,pressure,bar,2.0,10.0
S001083,EQ00212,temperature,C,35.0,85.0
S001084,EQ00119,rpm,rpm,500.0,3200.0
S001085,EQ00101,power,kW,5.0,150.0
S001086,EQ00043,temperature,C,35.0,85.0
S001087,EQ00069,rpm,rpm,500.0,3200.0
S001088,EQ00083,power,kW,5.0,150.0
S001089,EQ00032,power,kW,5.0,150.0
S001090,EQ00196,flow,m3/h,10.0,220.0
S001091,EQ00021,pressure,bar,2.0,10.0
S001092,EQ00060,pressure,bar,2.0,10.0
S001093,EQ00173,power,kW,5.0,150.0
S001094,EQ00122,vibration,mm/s,0.5,7.0
S001095,EQ00231,temperature,C,35.0,85.0
S001096,EQ00063,flow,m3/h,10.0,220.0
S001097,EQ00242,vibration,mm/s,0.5,7.0
S001098,EQ00317,power,kW,5.0,150.0
S001099,EQ00233,vibration,mm/s,0.5,7.0
S001100,EQ00097,vibration,mm/s,0.5,7.0
S001101,EQ00234,power,kW,5.0,150.0
S001102,EQ00056,rpm,rpm,500.0,3200.0
S001103,EQ00072,pressure,bar,2.0,10.0
S001104,EQ00141,temperature,C,35.0,85.0
S001105,EQ00148,vibration,mm/s,0.5,7.0
S001106,EQ00189,temperature,C,35.0,85.0
S001107,EQ00147,flow,m3/h,10.0,220.0
S001108,EQ00226,vibration,mm/s,0.5,7.0
S001109,EQ00028,pressure,bar,2.0,10.0
S001110,EQ00039,temperature,C,35.0,85.0
S001111,EQ00196,pressure,bar,2.0,10.0
S001112,EQ00098,flow,m3/h,10.0,220.0
S001113,EQ00043,pressure,bar,2.0,10.0
S001114,EQ00267,power,kW,5.0,150.0
S001115,EQ00038,vibration,mm/s,0.5,7.0
S001116,EQ00135,temperature,C,35.0,85.0
S001117,EQ00045,rpm,rpm,500.0,3200.0
S001118,EQ00155,temperature,C,35.0,85.0
S001119,EQ00031,pressure,bar,2.0,10.0
S001120,EQ00288,vibration,mm/s,0.5,7.0
S001121,EQ00041,temperature,C,35.0,85.0
S001122,EQ00199,power,kW,5.0,150.0
S001123,EQ00218,flow,m3/h,10.0,220.0
S001124,EQ00306,temperature,C,35.0,85.0
S001125,EQ00136,rpm,rpm,500.0,3200.0
S001126,EQ00254,power,kW,5.0,150.0
S001127,EQ00139,rpm,rpm,500.0,3200.0
S001128,EQ00225,temperature,C,35.0,85.0
S001129,EQ00097,flow,m3/h,10.0,220.0
S001130,EQ00090,temperature,C,35.0,85.0
S001131,EQ00211,flow,m3/h,10.0,220.0
S001132,EQ00016,power,kW,5.0,150.0
S001133,EQ00016,pressure,bar,2.0,10.0
S001134,EQ00245,temperature,C,35.0,85.0
S001135,EQ00160,power,kW,5.0,150.0
S001136,EQ00023,temperature,C,35.0,85.0
S001137,EQ00316,power,kW,5.0,150.0
S001138,EQ00274,rpm,rpm,500.0,3200.0
S001139,EQ00273,vibration,mm/s,0.5,7.0
S001140,EQ00009,vibration,mm/s,0.5,7.0
S001141,EQ00293,vibration,mm/s,0.5,7.0
S001142,EQ00089,vibration,mm/s,0.5,7.0
S001143,EQ00074,temperature,C,35.0,85.0
S001144,EQ00277,vibration,mm/s,0.5,7.0
S001145,EQ00017,power,kW,5.0,150.0
S001146,EQ00059,vibration,mm/s,0.5,7.0
S001147,EQ00224,rpm,rpm,500.0,3200.0
S001148,EQ00047,rpm,rpm,500.0,3200.0
S001149,EQ00189,rpm,rpm,500.0,3200.0
S001150,EQ00181,power,kW,5.0,150.0
S001151,EQ00241,vibration,mm/s,0.5,7.0
S001152,EQ00022,flow,m3/h,10.0,220.0
S001153,EQ00122,vibration,mm/s,0.5,7.0
S001154,EQ00008,pressure,bar,2.0,10.0
S001155,EQ00026,pressure,bar,2.0,10.0
S001156,EQ00075,rpm,rpm,500.0,3200.0
S001157,EQ00205,power,kW,5.0,150.0
S001158,EQ00305,rpm,rpm,500.0,3200.0
S001159,EQ00199,flow,m3/h,10.0,220.0
S001160,EQ00216,pressure,bar,2.0,10.0
S001161,EQ00056,flow,m3/h,10.0,220.0
S001162,EQ00117,vibration,mm/s,0.5,7.0
S001163,EQ00273,flow,m3/h,10.0,220.0
S001164,EQ00108,vibration,mm/s,0.5,7.0
S001165,EQ00212,flow,m3/h,10.0,220.0
S001166,EQ00175,pressure,bar,2.0,10.0
S001167,EQ00320,flow,m3/h,10.0,220.0
S001168,EQ00278,temperature,C,35.0,85.0
S001169,EQ00055,pressure,bar,2.0,10.0
S001170,EQ00285,flow,m3/h,10.0,220.0
S001171,EQ00025,temperature,C,35.0,85.0
S001172,EQ00095,vibration,mm/s,0.5,7.0
S001173,EQ00300,temperature,C,35.0,85.0
S001174,EQ00076,vibration,mm/s,0.5,7.0
S001175,EQ00254,pressure,bar,2.0,10.0
S001176,EQ00090,power,kW,5.0,150.0
S001177,EQ00241,vibration,mm/s,0.5,7.0
S001178,EQ00253,temperature,C,35.0,85.0
S001179,EQ00307,vibration,mm/s,0.5,7.0
S001180,EQ00317,flow,m3/h,10.0,220.0
S001181,EQ00129,flow,m3/h,10.0,220.0
S001182,EQ00028,vibration,mm/s,0.5,7.0
S001183,EQ00040,vibration,mm/s,0.5,7.0
S001184,EQ00150,temperature,C,35.0,85.0
S001185,EQ00042,flow,m3/h,10.0,220.0
S001186,EQ00097,rpm,rpm,500.0,3200.0
S001187,EQ00203,rpm,rpm,500.0,3200.0
S001188,EQ00272,vibration,mm/s,0.5,7.0
S001189,EQ00034,power,kW,5.0,150.0
S001190,EQ00042,temperature,C,35.0,85.0
S001191,EQ00083,rpm,rpm,500.0,3200.0
S001192,EQ00038,power,kW,5.0,150.0
S001193,EQ00182,vibration,mm/s,0.5,7.0
S001194,EQ00274,rpm,rpm,500.0,3200.0
S001195,EQ00144,power,kW,5.0,150.0
S001196,EQ00181,pressure,bar,2.0,10.0
S001197,EQ00015,vibration,mm/s,0.5,7.0
S001198,EQ00022,temperature,C,35.0,85.0
S001199,EQ00061,flow,m3/h,10.0,220.0
S001200,EQ00183,vibration,mm/s,0.5,7.0
S001201,EQ00022,vibration,mm/s,0.5,7.0
S001202,EQ00141,rpm,rpm,500.0,3200.0
S001203,EQ00313,vibration,mm/s,0.5,7.0
S001204,EQ00163,pressure,bar,2.0,10.0
S001205,EQ00013,rpm,rpm,500.0,3200.0
S001206,EQ00250,power,kW,5.0,150.0
S001207,EQ00100,power,kW,5.0,150.0
S001208,EQ00015,temperature,C,35.0,85.0
S001209,EQ00247,pressure,bar,2.0,10.0
S001210,EQ00266,pressure,bar,2.0,10.0
S001211,EQ00052,power,kW,5.0,150.0
S001212,EQ00181,temperature,C,35.0,85.0
S001213,EQ00232,temperature,C,35.0,85.0
S001214,EQ00199,rpm,rpm,500.0,3200.0
S001215,EQ00250,rpm,rpm,500.0,3200.0
S001216,EQ00149,rpm,rpm,500.0,3200.0
S001217,EQ00093,vibration,mm/s,0.5,7.0
S001218,EQ00178,flow,m3/h,10.0,220.0
S001219,EQ00229,vibration,mm/s,0.5,7.0
S001220,EQ00276,power,kW,5.0,150.0
S001221,EQ00250,temperature,C,35.0,85.0
S001222,EQ00050,flow,m3/h,10.0,220.0
S001223,EQ00142,vibration,mm/s,0.5,7.0
S001224,EQ00097,rpm,rpm,500.0,3200.0
S001225,EQ00238,vibration,mm/s,0.5,7.0
S001226,EQ00141,rpm,rpm,500.0,3200.0
S001227,EQ00252,pressure,bar,2.0,10.0
S001228,EQ00167,temperature,C,35.0,85.0
S001229,EQ00185,vibration,mm/s,0.5,7.0
S001230,EQ00140,rpm,rpm,500.0,3200.0
S001231,EQ00102,vibration,mm/s,0.5,7.0
S001232,EQ00012,vibration,mm/s,0.5,7.0
S001233,EQ00255,power,kW,5.0,150.0
S001234,EQ00303,vibration,mm/s,0.5,7.0
S001235,EQ00131,temperature,C,35.0,85.0
S001236,EQ00301,power,kW,5.0,150.0
S001237,EQ00268,rpm,rpm,500.0,3200.0
S001238,EQ00213,rpm,rpm,500.0,3200.0
S001239,EQ00018,flow,m3/h,10.0,220.0
S001240,EQ00037,temperature,C,35.0,85.0
S001241,EQ00016,pressure,bar,2.0,10.0
S001242,EQ00077,vibration,mm/s,0.5,7.0
S001243,EQ00066,flow,m3/h,10.0,220.0
S001244,EQ00045,power,kW,5.0,150.0
S001245,EQ00103,temperature,C,35.0,85.0
S001246,EQ00038,rpm,rpm,500.0,3200.0
S001247,EQ00140,temperature,C,35.0,85.0
S001248,EQ00059,vibration,mm/s,0.5,7.0
S001249,EQ00208,rpm,rpm,500.0,3200.0
S001250,EQ00296,power,kW,5.0,150.0
S001251,EQ00083,rpm,rpm,500.0,3200.0
S001252,EQ00021,power,kW,5.0,150.0
S001253,EQ00152,flow,m3/h,10.0,220.0
S001254,EQ00211,power,kW,5.0,150.0
S001255,EQ00153,temperature,C,35.0,85.0
S001256,EQ00119,temperature,C,35.0,85.0
S001257,EQ00061,rpm,rpm,500.0,3200.0
S001258,EQ00162,temperature,C,35.0,85.0
S001259,EQ00297,pressure,bar,2.0,10.0
S001260,EQ00250,temperature,C,35.0,85.0
S001261,EQ00072,vibration,mm/s,0.5,7.0
S001262,EQ00285,power,kW,5.0,150.0
S001263,EQ00165,vibration,mm/s,0.5,7.0
S001264,EQ00165,pressure,bar,2.0,10.0
S001265,EQ00045,flow,m3/h,10.0,220.0
S001266,EQ00295,temperature,C,35.0,85.0
S001267,EQ00089,temperature,C,35.0,85.0
S001268,EQ00174,vibration,mm/s,0.5,7.0
S001269,EQ00315,rpm,rpm,500.0,3200.0
S001270,EQ00023,pressure,bar,2.0,10.0
S001271,EQ00214,power,kW,5.0,150.0
S001272,EQ00069,temperature,C,35.0,85.0
S001273,EQ00315,rpm,rpm,500.0,3200.0
S001274,EQ00205,temperature,C,35.0,85.0
S001275,EQ00110,rpm,rpm,500.0,3200.0
S001276,EQ00317,temperature,C,35.0,85.0
S001277,EQ00171,flow,m3/h,10.0,220.0
S001278,EQ00057,vibration,mm/s,0.5,7.0
S001279,EQ00092,vibration,mm/s,0.5,7.0
S001280,EQ00300,pressure,bar,2.0,10.0
S001281,EQ00068,temperature,C,35.0,85.0
S001282,EQ00043,temperature,C,35.0,85.0
S001283,EQ00158,power,kW,5.0,150.0
S001284,EQ00220,vibration,mm/s,0.5,7.0
S001285,EQ00109,pressure,bar,2.0,10.0
S001286,EQ00234,rpm,rpm,500.0,3200.0
S001287,EQ00276,temperature,C,35.0,85.0
S001288,EQ00161,pressure,bar,2.0,10.0
S001289,EQ00299,vibration,mm/s,0.5,7.0
S001290,EQ00058,pressure,bar,2.0,10.0
S001291,EQ00143,vibration,mm/s,0.5,7.0
S001292,EQ00003,temperature,C,35.0,85.0
S001293,EQ00175,temperature,C,35.0,85.0
S001294,EQ00068,flow,m3/h,10.0,220.0
S001295,EQ00178,temperature,C,35.0,85.0
S001296,EQ00037,rpm,rpm,500.0,3200.0
S001297,EQ00137,flow,m3/h,10.0,220.0
S001298,EQ00265,pressure,bar,2.0,10.0
S001299,EQ00247,vibration,mm/s,0.5,7.0
S001300,EQ00110,rpm,rpm,500.0,3200.0
S001301,EQ00294,flow,m3/h,10.0,220.0
S001302,EQ00103,temperature,C,35.0,85.0
S001303,EQ00132,flow,m3/h,10.0,220.0
S001304,EQ00020,flow,m3/h,10.0,220.0
S001305,EQ00122,temperature,C,35.0,85.0
S001306,EQ00269,temperature,C,35.0,85.0
S001307,EQ00229,rpm,rpm,500.0,3200.0
S001308,EQ00045,temperature,C,35.0,85.0
S001309,EQ00098,power,kW,5.0,150.0
S001310,EQ00303,temperature,C,35.0,85.0
S001311,EQ00232,rpm,rpm,500.0,3200.0
S001312,EQ00291,vibration,mm/s,0.5,7.0
S001313,EQ00243,temperature,C,35.0,85.0
S001314,EQ00317,temperature,C,35.0,85.0
S001315,EQ00103,vibration,mm/s,0.5,7.0
S001316,EQ00211,power,kW,5.0,150.0
S001317,EQ00171,temperature,C,35.0,85.0
S001318,EQ00282,rpm,rpm,500.0,3200.0
S001319,EQ00309,power,kW,5.0,150.0
S001320,EQ00248,vibration,mm/s,0.5,7.0
S001321,EQ00235,flow,m3/h,10.0,220.0
S001322,EQ00248,power,kW,5.0,150.0
S001323,EQ00262,rpm,rpm,500.0,3200.0
S001324,EQ00241,vibration,mm/s,0.5,7.0
S001325,EQ00153,rpm,rpm,500.0,3200.0
S001326,EQ00078,power,kW,5.0,150.0
S001327,EQ00105,flow,m3/h,10.0,220.0
S001328,EQ00270,pressure,bar,2.0,10.0
S001329,EQ00132,rpm,rpm,500.0,3200.0
S001330,EQ00270,pressure,bar,2.0,10.0
S001331,EQ00133,temperature,C,35.0,85.0
S001332,EQ00136,temperature,C,35.0,85.0
S001333,EQ00145,flow,m3/h,10.0,220.0
S001334,EQ00073,rpm,rpm,500.0,3200.0
S001335,EQ00298,pressure,bar,2.0,10.0
S001336,EQ00103,rpm,rpm,500.0,3200.0
S001337,EQ00254,temperature,C,35.0,85.0
S001338,EQ00169,temperature,C,35.0,85.0
S001339,EQ00153,power,kW,5.0,150.0
S001340,EQ00098,power,kW,5.0,150.0
S001341,EQ00040,flow,m3/h,10.0,220.0
S001342,EQ00052,rpm,rpm,500.0,3200.0
S001343,EQ00187,vibration,mm/s,0.5,7.0
S001344,EQ00149,rpm,rpm,500.0,3200.0
S001345,EQ00305,pressure,bar,2.0,10.0
S001346,EQ00127,rpm,rpm,500.0,3200.0
S001347,EQ00155,vibration,mm/s,0.5,7.0
S001348,EQ00269,temperature,C,35.0,85.0
S001349,EQ00106,temperature,C,35.0,85.0
S001350,EQ00183,flow,m3/h,10.0,220.0
S001351,EQ00210,temperature,C,35.0,85.0
S001352,EQ00154,flow,m3/h,10.0,220.0
S001353,EQ00301,rpm,rpm,500.0,3200.0
S001354,EQ00024,temperature,C,35.0,85.0
S001355,EQ00083,flow,m3/h,10.0,220.0
S001356,EQ00116,temperature,C,35.0,85.0
S001357,EQ00252,temperature,C,35.0,85.0
S001358,EQ00234,power,kW,5.0,150.0
S001359,EQ00256,vibration,mm/s,0.5,7.0
S001360,EQ00239,vibration,mm/s,0.5,7.0
S001361,EQ00259,vibration,mm/s,0.5,7.0
S001362,EQ00103,power,kW,5.0,150.0
S001363,EQ00319,temperature,C,35.0,85.0
S001364,EQ00311,vibration,mm/s,0.5,7.0
S001365,EQ00210,power,kW,5.0,150.0
S001366,EQ00265,pressure,bar,2.0,10.0
S001367,EQ00203,rpm,rpm,500.0,3200.0
S001368,EQ00249,vibration,mm/s,0.5,7.0
S001369,EQ00071,power,kW,5.0,150.0
S001370,EQ00306,rpm,rpm,500.0,3200.0
S001371,EQ00093,pressure,bar,2.0,10.0
S001372,EQ00255,vibration,mm/s,0.5,7.0
S001373,EQ00207,power,kW,5.0,150.0
S001374,EQ00121,power,kW,5.0,150.0
S001375,EQ00202,temperature,C,35.0,85.0
S001376,EQ00116,power,kW,5.0,150.0
S001377,EQ00134,temperature,C,35.0,85.0
S001378,EQ00089,power,kW,5.0,150.0
S001379,EQ00047,flow,m3/h,10.0,220.0
S001380,EQ00198,power,kW,5.0,150.0
S001381,EQ00313,rpm,rpm,500.0,3200.0
S001382,EQ00120,vibration,mm/s,0.5,7.0
S001383,EQ00094,flow,m3/h,10.0,220.0
S001384,EQ00054,rpm,rpm,500.0,3200.0
S001385,EQ00063,flow,m3/h,10.0,220.0
S001386,EQ00186,rpm,rpm,500.0,3200.0
S001387,EQ00114,power,kW,5.0,150.0
S001388,EQ00031,power,kW,5.0,150.0
S001389,EQ00170,flow,m3/h,10.0,220.0
S001390,EQ00281,flow,m3/h,10.0,220.0
S001391,EQ00108,pressure,bar,2.0,10.0
S001392,EQ00300,temperature,C,35.0,85.0
S001393,EQ00103,temperature,C,35.0,85.0
S001394,EQ00280,vibration,mm/s,0.5,7.0
S001395,EQ00258,temperature,C,35.0,85.0
S001396,EQ00119,vibration,mm/s,0.5,7.0
S001397,EQ00297,temperature,C,35.0,85.0
S001398,EQ00143,flow,m3/h,10.0,220.0
S001399,EQ00223,temperature,C,35.0,85.0
S001400,EQ00114,power,kW,5.0,150.0
